rank	word	count
12	za	2161004
16	što	1775707
18	ali	1547318
19	sa	1531078
21	nije	1396561
23	samo	1187672
25	te	1157737
26	od	1155066
28	ga	1121747
29	bi	1106475
31	o	991188
33	ako	943132
34	sve	923139
36	kao	904619
37	će	847670
38	tako	819964
40	nisam	736129
43	ovde	693396
46	zašto	650336
50	nešto	626520
51	bilo	608989
52	redu	598671
54	koji	567916
55	kad	549645
57	ću	540350
60	mislim	513504
62	ili	483372
63	znaš	481997
64	možda	471577
65	ih	466202
66	više	462469
68	sada	452395
69	vam	450589
70	zar	440849
71	gde	439275
72	да	438142
73	do	436854
74	bih	435793
75	treba	430197
77	mu	416942
78	rekao	416605
79	bila	411585
80	malo	408944
82	nema	406344
83	ništa	406283
84	nas	399098
85	mene	393782
88	је	365384
89	tebe	361349
91	sad	359185
92	ni	356822
93	hajde	355432
94	tamo	348753
95	može	341681
96	možeš	340044
98	zbog	335238
100	nam	331725
101	želim	327829
102	tu	319606
103	hej	307931
104	nisi	305627
105	stvarno	299938
106	jesi	297174
107	jer	292147
108	svi	291903
109	po	290502
110	zato	289324
111	baš	288959
112	ljudi	288121
113	moram	280997
115	ćemo	269502
116	misliš	268760
119	stvari	260624
121	pre	257806
123	ćeš	249166
124	nego	249137
125	koje	246378
126	dok	245164
127	neće	244277
128	uvek	243348
130	oh	239882
131	naravno	235039
132	toga	230021
133	ono	226764
135	mnogo	223932
136	joj	223230
137	možemo	222751
139	neko	218595
141	gospodine	215156
142	vreme	215083
143	taj	214617
144	dana	212727
145	kod	212046
146	koja	210971
147	tvoj	210210
148	zdravo	209842
149	reći	209582
151	znači	205163
152	tome	203423
153	posao	201900
154	nikad	201859
155	žao	200759
156	hoćeš	199835
157	rekla	197313
158	bolje	197036
161	mogao	194279
162	put	193706
163	jeste	193401
166	mora	190750
168	izgleda	190027
169	neću	188860
170	moramo	187662
171	želiš	187537
172	nemoj	186876
173	bude	185298
174	bili	182843
175	kažem	182682
178	meni	180175
180	bože	179083
181	mama	176804
182	не	174310
183	moraš	172995
184	ok	172601
185	daj	172358
187	tata	166940
188	vidi	165121
189	volim	165031
190	се	164636
192	у	163656
193	život	163388
194	kući	162531
195	reci	162300
196	и	162272
197	svoje	162214
199	njega	159451
200	trebalo	159232
201	stvar	158987
202	nisu	158500
203	mislio	157640
204	vremena	155741
205	imao	155100
209	nikada	149501
211	odmah	144494
212	tvoja	142687
213	možete	142492
214	toliko	140894
215	neka	140858
216	kaže	138810
217	neki	138551
218	video	137826
220	tim	136151
221	tobom	135365
222	čak	134999
223	ime	134415
224	veoma	132774
225	то	131931
226	koju	131780
228	čemu	130846
229	niko	126811
230	oko	126733
231	svoju	126572
233	tvoje	125637
234	opet	125055
235	upravo	124782
236	svoj	124752
237	mnom	123510
238	jesam	123009
240	сам	122759
241	nismo	122092
242	idi	120828
243	sigurno	120755
245	jednom	119836
247	ove	119701
248	god	119139
249	vidiš	118164
250	postoji	118161
254	ta	116375
255	kažeš	115979
256	čovek	115884
257	tebi	114905
258	puno	114523
259	znao	114210
260	lepo	113907
261	želi	112968
262	puta	112193
264	čekaj	111626
265	pravu	111469
266	jako	111166
267	prvi	111079
268	novac	110812
269	dovoljno	110736
272	dalje	108404
273	zajedno	107226
274	dušo	107154
275	sebe	107026
276	drugi	106400
277	njih	105088
278	došao	104821
279	dosta	104646
280	problem	103561
282	g	103179
283	prema	103025
284	ova	102993
286	mesto	102586
287	koga	102350
288	ovamo	102297
289	slušaj	102199
291	vrlo	101992
293	uradio	99683
294	način	99429
295	desilo	98404
296	sranje	97841
297	budem	97453
298	pomoći	96711
299	ponovo	96557
300	ma	96520
301	mogla	96024
302	kroz	95758
303	posle	95440
304	nećeš	94896
305	dobra	94847
306	zaista	94598
307	hteo	94591
308	vrata	94431
309	brzo	94312
310	tko	94070
311	njim	93928
312	moju	93299
313	pogledaj	92970
314	siguran	92921
315	dođi	92867
316	neke	92510
317	nekoliko	91303
318	par	90878
320	dugo	90143
321	verujem	89863
322	pod	89249
325	previše	88764
326	naš	88679
327	ovog	88526
329	mislila	88334
330	на	88303
331	trebao	88226
332	mog	88081
333	ovako	87824
335	vaš	87674
336	ćete	86596
338	ovu	85949
339	isto	85845
341	nakon	85658
342	teško	85576
343	mogli	85471
344	svaki	85240
345	nama	84286
346	prvo	83999
347	nadam	83973
348	protiv	83776
349	super	83706
350	čuo	83365
351	mali	83355
352	jedno	83190
353	vama	82864
354	prije	82814
355	kasnije	82262
356	niste	82020
357	minuta	81867
358	biće	81723
360	unutra	80585
361	pravi	80189
362	sto	79637
363	шта	79433
365	dešava	79225
366	momci	79168
368	ovom	78910
369	osim	78808
370	imala	78733
371	ubio	78422
372	sta	78276
374	tom	77614
375	ćao	77102
376	sviđa	76929
377	pomoć	76874
379	dve	76378
380	mislite	76270
381	kuće	76045
383	pusti	75939
384	preko	75872
385	ти	74879
386	doći	74593
387	vaše	74472
388	naše	74133
389	želite	74117
390	one	73964
391	verovatno	73946
392	dakle	73866
393	istina	73611
394	veliki	73584
395	ljude	73517
396	čoveče	73514
397	hoće	73504
398	dogodilo	73448
399	jel	73045
400	kakav	72737
401	за	72736
402	budeš	72537
404	ми	72067
405	tačno	71849
406	naći	71722
407	budi	71585
408	misli	71530
409	razumem	71005
410	zove	70827
411	auto	70654
412	imali	70540
413	čini	70194
415	dolazi	69843
416	radio	69245
418	dete	69208
419	rekli	69054
420	onaj	69029
421	ли	69005
422	deo	68712
423	broj	68561
424	nju	68045
425	otišao	67779
426	tog	67726
427	ruke	67441
428	dole	67407
430	uz	67207
432	zapravo	66877
433	vezi	66292
434	ја	66233
435	sebi	65897
436	života	65801
437	mrtav	65796
438	priča	65261
439	veze	65172
440	nekog	64888
441	bismo	64778
442	vrati	64447
443	си	64437
444	svog	63896
445	dao	63860
446	ipak	63396
447	bar	63095
448	novi	62846
449	videla	62811
450	drugo	62764
451	posla	62705
452	ovim	62289
453	tip	62161
454	svojim	61957
455	prijatelj	61752
457	vidite	61540
458	dobio	61459
459	stani	61347
460	vaša	61290
461	prestani	61133
462	iza	60860
463	sama	60120
464	žene	60100
465	znala	60028
466	tvoju	59211
467	odlično	58973
468	skoro	58900
469	sin	58631
470	njima	58539
472	vratiti	58070
473	pitanje	57899
475	voli	57714
476	uzmi	57477
477	došli	57467
478	srce	57413
479	važno	57370
480	dolara	57300
481	njom	57299
482	mom	57295
483	njemu	57214
484	pitam	57194
485	morate	57103
486	takođe	56934
488	voleo	56792
489	ce	56769
491	najbolje	55540
492	problema	55421
493	oca	55188
494	uskoro	55138
495	sjajno	55030
496	са	54903
497	nekoga	54858
498	jednostavno	54785
499	gotovo	54667
500	су	54596
501	čega	54575
502	trenutak	54544
503	potpuno	54542
504	drži	54325
505	sigurna	54312
506	tada	54268
507	ovoga	54142
508	uopšte	54055
509	dobiti	53912
510	briga	53875
511	otići	53829
513	brini	53578
514	ranije	53573
515	ju	53483
516	stalno	53260
517	došla	53240
518	bog	52989
519	našao	52939
520	ponekad	52801
521	kakva	52795
522	strane	52705
523	ljubav	52601
524	moći	52547
525	htela	52539
527	naša	52477
529	kuću	52328
530	tek	52270
531	osećam	52260
532	valjda	52254
533	noći	52251
534	halo	52238
535	želeo	52149
536	spreman	52000
537	životu	51795
538	poput	51766
539	lako	51703
540	pričaš	51617
541	devojka	51422
542	između	51420
543	uradim	51137
544	morao	51002
545	trebali	50994
546	jedini	50955
547	али	50856
548	ideja	50823
549	trebala	50731
552	ozbiljno	50150
553	čudno	50123
554	uh	49786
555	nećemo	49575
556	druge	49503
557	pola	49183
559	prijatelji	48861
560	videti	48854
561	glavu	48831
562	pretpostavljam	48816
563	čoveka	48797
564	hoćete	48758
565	ubiti	48744
566	svet	48725
567	prava	48655
568	zvuči	48610
569	oči	48589
572	mala	48402
573	pored	48331
574	dr	48313
576	draga	47986
577	pred	47963
579	tvog	47935
580	kraj	47863
581	velika	47790
582	biste	47779
583	jasno	47770
584	slučaj	47733
585	ovoj	47613
586	svih	47542
587	gledaj	47519
588	kažu	47284
589	kola	47133
590	najbolji	47124
591	događa	47082
592	voliš	47053
594	pazi	46976
595	svetu	46911
596	slučaju	46903
597	ikada	46844
598	sata	46604
599	oprosti	46547
600	mojoj	46424
601	stari	46297
603	ljudima	46248
605	osoba	46207
606	čujem	46127
607	polako	46097
608	ruku	46004
609	negde	45995
610	učiniti	45927
611	dvoje	45747
613	kraju	45637
616	prilično	45283
617	nedelje	45231
618	vratio	45211
619	van	45161
620	није	44947
621	uradi	44658
622	svega	44606
623	што	44497
624	ceo	44444
625	moguće	44429
627	svom	43956
628	dati	43876
630	lice	43598
631	smrt	43538
632	gospođo	43521
633	moji	43503
634	izgledaš	43471
635	videli	42996
636	neku	42835
637	vodi	42785
639	plan	42564
640	policija	42549
641	smrti	42400
642	sina	42301
643	pojma	42270
644	šanse	42255
645	sobu	42157
646	no	42066
647	manje	41812
648	nje	41689
649	brod	41673
651	novca	41514
652	žele	41437
653	netko	41429
654	gospodo	41420
655	ostati	41342
656	vidjeti	41335
657	sinoć	41116
658	oprostite	41091
659	svima	41003
660	reč	40979
661	само	40869
662	momak	40759
663	од	40710
664	čula	40683
665	našli	40643
666	pitanja	40155
667	važi	40117
668	bile	40063
669	mojim	40058
670	drugog	39981
671	razlog	39959
672	dečko	39718
673	га	39703
674	vidio	39538
675	napolje	39421
676	potrebno	39354
677	oružje	39245
678	njen	39229
679	pomognem	39226
680	dragi	39226
682	ово	39174
683	sobi	39172
684	dođe	39123
685	а	39094
686	istinu	39047
687	nemojte	38986
688	uradila	38972
689	otišla	38915
690	pištolj	38902
691	ispod	38719
692	čim	38601
693	mesta	38484
694	izgubio	38449
695	napravio	38389
696	nekako	38387
697	devojke	38359
698	vode	38358
699	kome	37838
700	pošto	37695
701	sećaš	37694
702	uraditi	37691
703	prijatelja	37571
704	umro	37532
705	о	37436
706	jesu	37344
708	moglo	37159
709	njoj	37132
710	njegove	37110
711	trebam	37046
712	ме	36974
714	aha	36827
715	pričam	36795
716	ljubavi	36758
717	odem	36742
718	ispred	36686
719	telo	36566
720	divno	36540
721	tražim	36475
722	jedino	36452
723	piće	36409
724	deca	36349
725	sedi	36295
726	zaboravi	36225
728	ikad	36189
729	dođavola	36182
731	iako	36057
732	gradu	35884
734	dajte	35811
735	decu	35717
736	srećan	35689
737	ostavi	35676
738	učinio	35576
739	krv	35523
740	recite	35519
741	mrzim	35484
742	spremni	35475
743	те	35417
744	poruku	35370
745	uzeo	35348
746	san	35311
747	nekim	35260
748	би	35257
749	telefon	35202
750	razgovarati	35190
751	igra	35080
752	mestu	35033
753	uradiš	34959
755	sine	34821
756	zvao	34799
757	kuća	34746
758	ha	34709
759	kažete	34677
760	tvom	34632
761	ovih	34565
762	pokušavam	34510
763	ostani	34488
764	ovome	34468
765	oboje	34432
766	volela	34376
767	ovi	34320
768	kapetane	34295
769	takav	34215
770	rat	34189
771	sva	34090
772	sećam	34040
773	poslednji	33986
774	sami	33977
775	pogledajte	33972
776	želimo	33930
777	muž	33924
778	deset	33823
779	bojim	33822
780	onog	33768
781	како	33637
782	svako	33620
783	reči	33614
784	zemlji	33598
785	putu	33536
786	bit	33477
787	добро	33471
788	смо	33458
789	vratim	33437
790	njegovo	33431
791	razumeš	33384
792	pitao	33329
793	film	33288
794	traži	33266
795	budu	33229
797	brate	33115
798	ostavio	33086
799	budemo	33055
800	isti	33002
801	cu	32993
802	morati	32974
803	kakve	32969
804	svakog	32953
805	svojoj	32936
806	jedina	32925
807	doktor	32858
808	čuješ	32822
809	dame	32799
810	bok	32764
811	razloga	32722
812	svim	32635
813	zemlju	32630
814	smiri	32608
815	eto	32592
816	druga	32530
817	hajdemo	32520
818	ostali	32488
819	pokušao	32473
820	prva	32453
821	isuse	32318
822	našu	32201
823	miru	32200
824	odeš	32129
825	napred	31949
826	ако	31881
827	pitanju	31864
828	као	31799
829	postoje	31789
830	drugu	31747
831	tražio	31705
832	drugom	31629
833	poslu	31586
834	htio	31374
835	све	31328
836	otvori	31316
837	boli	31311
838	čeka	31282
839	vašu	31061
840	doktore	30847
841	ah	30837
842	napraviti	30802
843	krevet	30686
844	gdine	30653
845	našeg	30607
846	ће	30521
847	ostalo	30436
848	nitko	30420
849	dobre	30320
850	nikoga	30275
851	čovjek	30267
852	lepa	30266
853	njegovu	30262
854	nastavi	30262
855	овде	30254
856	lud	30244
857	kim	30024
858	večeru	29979
859	сте	29969
860	gđo	29832
861	konačno	29831
862	uzeti	29797
863	sveta	29714
864	kraja	29687
865	obično	29633
866	znali	29625
867	tvojim	29596
868	jutros	29572
869	spremna	29490
870	jedva	29482
871	boga	29482
872	smešno	29416
873	koristi	29411
874	školu	29359
875	poziv	29270
876	tih	29256
877	piše	29247
878	svakom	29188
879	krvi	29185
880	poslao	29141
882	zanima	28953
883	mjesto	28905
884	živ	28898
885	dali	28842
886	brže	28796
887	kojoj	28778
888	očigledno	28778
889	počeo	28667
890	posebno	28648
891	priču	28543
892	svakako	28531
893	niti	28453
894	odgovor	28392
895	hoćemo	28344
896	gospodin	28333
897	тако	28301
898	zaboravio	28184
900	shvatio	28040
901	pomozi	28019
902	nova	27999
903	zemlje	27999
904	strašno	27962
905	sledeći	27913
906	trebaš	27896
907	dolazim	27843
908	meseci	27782
909	grada	27719
910	ode	27696
911	među	27683
913	barem	27544
914	želela	27532
915	savršeno	27530
916	он	27494
917	druže	27481
918	stan	27449
919	čuli	27414
920	mrtva	27412
921	kriv	27412
922	devojku	27398
923	noge	27389
924	dobila	27384
925	biću	27356
926	vašeg	27314
927	dobri	27281
928	jebi	27258
929	sreće	27257
930	vesti	27237
931	nećete	27212
932	sasvim	27199
933	dala	27168
934	nosi	27162
935	oče	27032
936	red	26965
937	prošle	26916
938	pronaći	26915
939	uradimo	26907
940	roditelji	26896
941	godinu	26882
942	slušajte	26841
943	tokom	26835
944	nekad	26799
945	dobili	26760
946	time	26756
947	velike	26738
948	kasno	26732
949	misle	26728
950	ka	26709
951	prošlo	26680
952	k	26621
953	majku	26610
954	prijatelju	26606
955	iskreno	26563
956	bolji	26549
957	trenutno	26516
958	zbogom	26482
959	često	26448
960	inače	26440
961	toj	26435
962	kuda	26427
963	ubistvo	26392
964	nađem	26351
966	ubica	26318
967	zabavno	26288
968	odlazi	26268
969	gledam	26253
970	uradili	26156
971	porodicu	26142
972	izlazi	26104
973	našla	26098
974	sobom	26050
975	postao	26049
976	jebeni	26010
977	stigao	25997
978	godinama	25987
979	kojeg	25952
980	tvojoj	25948
981	đavola	25924
982	celu	25913
983	dolaze	25872
984	mojih	25863
985	moraju	25802
986	priliku	25757
987	morala	25667
988	pravila	25609
989	požuri	25595
990	jesmo	25589
991	nemoguće	25578
992	umesto	25544
993	školi	25513
995	napolju	25474
996	drugačije	25432
997	sigurni	25370
998	društvo	25356
999	stavi	25351
1000	meseca	25345
1001	jebeno	25335
1002	strani	25312
1003	vrsta	25307
1004	nove	25298
1005	potrebna	25249
1006	bitno	25198
1007	shvatam	25192
1008	okej	25146
1010	kunem	25098
1011	neverovatno	25069
1012	ubije	25031
1013	loš	25027
1014	miliona	25014
1016	radila	25006
1017	slike	24968
1018	poznajem	24946
1019	знам	24930
1020	pustite	24886
1021	могу	24877
1023	tiče	24844
1025	policiju	24763
1026	pare	24742
1027	veruješ	24664
1028	otišli	24648
1029	hranu	24594
1030	glavni	24563
1031	па	24563
1032	trebaju	24551
1033	odemo	24521
1034	vraćam	24520
1035	био	24385
1036	potreban	24353
1037	bogu	24321
1038	nađemo	24315
1039	tipa	24251
1040	čekam	24230
1041	obećavam	24229
1042	šteta	24211
1043	čekajte	24020
1044	radili	24005
1045	ajde	23911
1046	veliku	23874
1047	kojim	23863
1048	kralj	23820
1049	tvoji	23801
1050	pogrešno	23799
1051	kaži	23762
1052	stara	23751
1053	kojima	23704
1054	gđice	23694
1055	osećaj	23661
1056	реду	23543
1057	glas	23512
1058	napad	23468
1059	pričao	23462
1060	sačekaj	23410
1061	drugim	23324
1062	zatvoru	23306
1063	pokušaj	23304
1064	dom	23303
1065	sem	23269
1066	novu	23268
1067	zauvek	23262
1068	nekom	23239
1069	završio	23235
1070	vole	23213
1071	desi	23201
1072	usta	23180
1073	zatvor	23171
1074	priče	23129
1075	razgovaramo	23121
1076	smisla	23116
1077	pismo	23109
1078	dece	23093
1079	ideju	23084
1080	lično	23026
1081	sliku	23011
1082	umrla	22956
1083	znak	22814
1084	soba	22776
1085	razgovor	22771
1086	pričamo	22764
1087	onih	22757
1088	čovječe	22756
1089	mesec	22743
1090	smeta	22711
1091	seks	22703
1092	greška	22677
1093	нисам	22662
1094	pas	22639
1095	osećaš	22549
1096	trebamo	22447
1097	veruj	22442
1098	mislili	22439
1099	prokletstvo	22421
1100	kakvo	22397
1101	zemlja	22363
1102	poklon	22347
1104	rođendan	22292
1105	glave	22275
1106	nemate	22264
1107	um	22261
1108	vratimo	22210
1109	šef	22208
1110	šefe	22208
1111	svuda	22206
1112	dam	22192
1113	počinje	22170
1114	uredu	22165
1115	onoga	22165
1116	porodice	22156
1117	izvoli	22141
1118	rukama	22123
1119	зашто	22087
1120	imena	22079
1121	točno	22078
1122	drugih	22046
1123	gledaš	22026
1124	jedne	21997
1125	upoznao	21948
1126	rad	21941
1127	the	21936
1128	natrag	21916
1129	kupio	21856
1130	džek	21809
1131	leđa	21775
1132	jos	21761
1134	dio	21677
1135	čast	21659
1137	d	21576
1138	razgovaram	21556
1140	ostaviti	21510
1141	kladim	21464
1142	nesto	21412
1143	kog	21404
1144	takve	21395
1145	zasto	21383
1146	iznad	21307
1147	prevod	21297
1148	onu	21250
1149	slika	21241
1150	uspeo	21232
1151	svaka	21195
1152	било	21190
1153	nestao	21153
1154	zovi	21143
1155	išao	21126
1156	pogled	21109
1157	stigli	21055
1158	vide	21043
1159	novo	21038
1160	muškarac	21031
1161	lep	21008
1162	pažnju	20983
1163	ujutro	20943
1164	dođite	20917
1165	izbora	20882
1166	dokaz	20846
1167	naši	20845
1168	knjigu	20834
1169	kapetan	20820
1170	njegovog	20815
1171	trenutku	20811
1172	stranu	20806
1173	nedostaje	20774
1174	škole	20763
1175	veliko	20749
1176	zvala	20746
1177	muža	20734
1178	mozak	20697
1179	minut	20645
1180	poslednje	20634
1181	policajac	20600
1182	vratila	20540
1184	uslugu	20528
1185	dobijem	20512
1186	beba	20505
1187	izvolite	20493
1188	uđi	20487
1189	ovuda	20446
1190	okolo	20437
1191	svake	20435
1192	daje	20399
1193	umreti	20392
1194	још	20388
1195	nekada	20375
1196	luda	20355
1197	pivo	20306
1198	izbor	20284
1199	glavi	20261
1200	zatim	20242
1201	gledao	20193
1202	zovu	20188
1203	sav	20154
1204	beži	20137
1205	tražiš	20133
1206	srca	20092
1207	učini	20080
1208	pomogne	20067
1209	бити	20026
1210	stalo	20025
1211	takva	20018
1212	gubi	19976
1213	нешто	19970
1214	где	19969
1215	slobodno	19933
1216	glupo	19924
1217	našim	19908
1219	ubili	19890
1220	izgubili	19860
1221	radije	19851
1222	ključ	19835
1223	moć	19828
1224	govorio	19820
1225	najviše	19788
1227	budete	19780
1228	sistem	19768
1229	gospođice	19766
1230	deda	19713
1231	zadnji	19710
1232	čestitam	19693
1233	ubila	19688
1234	nedelju	19680
1235	вас	19678
1236	loša	19656
1237	nemaju	19636
1238	javi	19630
1239	bravo	19621
1240	recimo	19597
1241	njegovom	19589
1242	budite	19578
1243	božić	19566
1244	vratiš	19547
1245	који	19540
1246	pričaj	19539
1247	užasno	19535
1248	stanju	19477
1249	srećna	19476
1250	ulazi	19429
1251	pokušava	19426
1252	jebote	19410
1253	avion	19377
1254	hteli	19366
1255	dupe	19353
1256	definitivno	19290
1257	sledeće	19276
1258	dvojica	19272
1259	njihove	19270
1260	tela	19260
1261	ubijen	19227
1262	ujutru	19221
1263	najbolja	19170
1264	vašem	19156
1265	svojih	19153
1266	ubistva	19139
1268	sekundi	19127
1269	završi	19101
1270	pomislio	19091
1271	probleme	19084
1272	apsolutno	19074
1273	zakon	19010
1274	zabavu	18996
1275	našem	18978
1276	prijatelje	18927
1277	prošli	18906
1278	spusti	18905
1279	budućnost	18879
1280	ručak	18865
1281	lakše	18823
1283	svemu	18800
1284	šansu	18791
1285	pričati	18764
1286	kurac	18751
1287	æe	18751
1288	knjige	18748
1289	ћу	18738
1290	pronašao	18727
1291	vjerujem	18714
1292	ostane	18651
1293	pitaš	18651
1294	informacije	18641
1295	žive	18608
1296	pokaži	18595
1297	otkud	18595
1298	znas	18562
1299	postaje	18540
1300	naših	18537
1301	сада	18496
1302	vjerojatno	18496
1303	ustvari	18485
1304	mamu	18482
1305	odvesti	18476
1306	она	18459
1307	morali	18455
1308	upoznali	18438
1309	izaći	18422
1310	pronašli	18418
1311	svojom	18391
1312	vratite	18381
1313	htjela	18350
1314	opusti	18316
1315	nalazi	18301
1316	njene	18255
1317	jack	18232
1318	primer	18230
1319	nikome	18221
1320	bebu	18219
1321	mrtvi	18218
1322	male	18199
1323	ostavila	18184
1324	obzira	18184
1325	pozvao	18176
1326	potrebe	18165
1327	psa	18165
1328	glava	18138
1329	bol	18127
1330	odjednom	18124
1331	stavio	18117
1332	većina	18107
1333	slažem	18102
1334	onim	18090
1335	pustiti	18090
1336	kul	18084
1337	malu	18055
1338	dogovor	18039
1339	vezu	18038
1340	nad	18033
1341	tražimo	18002
1342	pomalo	17973
1343	tvojih	17966
1344	мислим	17961
1345	ulici	17950
1346	tv	17927
1347	ostale	17920
1348	rata	17883
1349	stoji	17804
1350	kreni	17779
1351	hrane	17769
1352	pun	17764
1353	počela	17758
1354	večeri	17740
1355	bolnici	17726
1356	prati	17722
1357	čuti	17716
1358	desiti	17706
1359	agent	17682
1360	vidjela	17659
1361	prave	17659
1362	ludo	17656
1363	karte	17642
1364	umukni	17638
1365	duh	17614
1366	или	17610
1367	pitati	17604
1369	ostao	17598
1370	хвала	17590
1371	prosto	17538
1372	početak	17527
1373	gledati	17512
1374	de	17509
1375	sunce	17473
1376	živiš	17466
1377	vjerovati	17461
1378	ionako	17437
1379	sranja	17414
1381	ostatak	17391
1382	svaku	17379
1383	stvarima	17375
1384	svoja	17369
1385	postati	17359
1386	ostavite	17355
1387	из	17353
1388	knjiga	17351
1389	našoj	17346
1390	došlo	17340
1391	zadovoljstvo	17328
1392	naučio	17265
1394	poslije	17254
1395	napravila	17245
1396	треба	17244
1397	onako	17239
1398	umre	17214
1399	gluposti	17209
1400	čarli	17184
1401	korak	17144
1402	eno	17137
1403	izvinjavam	17129
1404	gleda	17120
1405	jest	17103
1406	slučajno	17078
1407	bićeš	17066
1408	srećno	17042
1409	pada	17024
1410	duboko	17017
1411	sobe	17004
1412	ej	17004
1413	ista	16991
1414	baci	16990
1415	igru	16981
1416	spava	16962
1417	odgovara	16961
1418	nogu	16958
1419	slobodan	16938
1420	hladno	16932
1421	dolje	16931
1422	doneo	16930
1423	pao	16928
1424	krevetu	16890
1425	išta	16876
1426	pitaj	16853
1427	prozor	16816
1428	dođem	16812
1429	vise	16812
1430	završiti	16793
1431	nedelja	16774
1432	poznaješ	16753
1433	до	16752
1434	kolima	16741
1435	njeno	16736
1436	ukrao	16735
1437	napisao	16735
1438	momka	16732
1439	skroz	16708
1440	šališ	16703
1441	ćerka	16700
1442	mlada	16698
1443	nikakve	16674
1444	nekih	16671
1445	gotov	16666
1446	odlučio	16656
1447	putem	16648
1448	uzmem	16646
1449	ženom	16613
1450	dođeš	16596
1451	izgubila	16590
1452	bolnicu	16581
1453	majko	16580
1454	prokleti	16570
1455	gospode	16533
1456	govore	16490
1457	lica	16483
1458	ženi	16409
1459	sjajan	16394
1460	vozi	16382
1461	ostanem	16382
1462	pažljivo	16372
1463	skloni	16372
1464	ко	16367
1465	dozvoliti	16327
1466	džo	16304
1467	novog	16281
1468	ser	16280
1469	cemo	16261
1470	verovati	16246
1471	prestati	16240
1472	razmišljao	16193
1473	pitala	16185
1474	iznenađenje	16182
1475	svejedno	16160
1476	sretan	16147
1477	nece	16128
1478	pokazati	16107
1479	brine	16084
1480	vec	16076
1482	opasno	16035
1483	otkad	16035
1484	oduvek	16030
1485	их	16013
1486	prošao	15987
1487	daću	15985
1488	želio	15975
1489	izašao	15964
1490	ušao	15964
1491	donesi	15963
1492	traže	15950
1493	poslednja	15949
1494	kakvu	15937
1495	prekini	15923
1496	čudo	15922
1497	ubijem	15883
1498	početi	15879
1499	има	15879
1500	mir	15872
