word	pos	srlex	en
životan	adj	98328	full of life, energetic | life | vital, essential, crucial
žalost	noun	24342	sorrow
žalba	noun	22093	complaint
žiri	noun	15508	jury (not limited to law)
željeznički	adj	13658	railway
železnički	adj	13658	railway
žanr	noun	9924	genre
žito	noun	9046	cereal, grain | koliva
žitelj	noun	8589	inhabitant
žrtvovati	verb	6585	to sacrifice | to sacrifice oneself | to devote oneself to
žlijezda	noun	6519	gland
žlezda	noun	6519	gland
žestoko	adv	6084	severely, fiercely, strongly, violently
željan	adj	5775	eager, anxious | desirous, craving
ženka	noun	5499	female (of animals)
živa	noun	5227	mercury
žetva	noun	5183	harvest
željezara	noun	4151	iron and steel plant
žalosno	adv	3750	sadly, mournfully
živopisan	adj	3437	picturesque, lively
žaljenje	noun	3431	regret
živo	adv	3416	lively, briskly, actively, sharply | clearly
žalostan	adj	3205	sad, mournful | gloomy, dismal, downcast
župa	noun	3203	parish (Catholic)
žitije	noun	2955	hagiography
žig	noun	2951	stamp, brand
županija	noun	2875	county, canton (territorial subdivision, especially of the Republic of Croatia and the Federation of Bosnia and Herzegovina in the Croatian writing standard)
žar	noun	2857	fervor, ardor | ember
žila	noun	2761	vein | tendon
žedan	adj	2570	thirsty
župan	noun	2143	head of a district
živina	noun	2117	fowl, poultry | cattle
žumance	noun	2084	yolk
žiža	noun	1874	focus
živahan	adj	1861	vivacious, sprightly, lively
žudnja	noun	1757	strong desire, longing, craving | lust, lustfulness
ženidba	noun	1687	marriage (from a point of view of a man; i.e. take to wife)
žarište	noun	1676	focus | hotbed
žal	noun	1651	sorrow, grief | strand, beach
željno	adv	1630	eagerly
žargon	noun	1562	jargon
žuč	noun	1302	bile
župnik	noun	1208	rector, parish priest
ždrijelo	noun	1200	pharynx | gorge | crater (of a volcano)
ždrelo	noun	1200	pharynx | gorge | crater (of a volcano)
žestina	noun	1162	vehemence, ferocity, strength, force, rage
županijski	adj	1131	district, county or canton
žeti	verb	1118	to reap, harvest (cut with a sickle, scythe, or reaping machine) | to reap, harvest (to receive as a reward or harvest, or as the fruit of labor or of works) [figuratively]
ženevski	adj	1108	Geneva
žbunje	noun	1105	bushes
žilav	adj	1023	sinewy | tough, resistant [figuratively]
ženstven	adj	1022	feminine, effeminate
ženstvenost	noun	978	femininity
žućkast	adj	949	yellowish
žutica	noun	907	jaundice
žalfija	noun	840	sage (plant)
živost	noun	821	vividness, liveliness
žustar	adj	814	frenetic, quick, energetic
žrtvenik	noun	772	altar
žardinijera	noun	767	jardiniere (large flowerpot)
žardinjera	noun	767	jardiniere
žega	noun	742	hotness, sultriness
žele	noun	648	jelly
žabar	noun	637	frog-catcher | petty, middle-class person [derogatory] | a person from the continent, as opposed to from the coast | an Italian
žrec	noun	627	a pagan priest
žandar	noun	621	gendarme | knave, jack in playing cards [Serbia]
žalilac	noun	579	complainant | plaintiff
žlijeb	noun	538	groove, flute | gutter | drainpipe, downspout
žleb	noun	538	groove, flute | gutter | drainpipe, downspout
živica	noun	522	hedge
žurnalistika	noun	471	journalism
žitnica	noun	470	granary (storage facility) | breadbasket
žagor	noun	448	murmur
željezan	adj	437	iron
železan	adj	437	iron
ženik	noun	436	groom, bridegroom (man about to be married)
žir	noun	429	acorn | acorns
žudjeti	verb	393	to long, desire, yearn, crave for
žudeti	verb	393	to long, desire, yearn, crave for
ždral	noun	392	crane (bird) | grey horse
žaoka	noun	388	stinger (of an insect such as a bee or wasp) | barb, biting remark
žderati	verb	374	to gorge on (food), stuff oneself with (food), stuff one's face, pig out
ždrijebe	noun	374	foal
ždrebe	noun	374	foal
žabica	noun	332	small frog
živčan	adj	321	nervous
žablji	adj	268	frog
žezlo	noun	266	scepter
žonglirati	verb	260	to juggle
živahno	adv	258	vivaciously, briskly
žongler	noun	254	juggler
žilavost	noun	252	toughness
živopisno	adv	249	picturesquely, lively
železo	noun	237	iron
željezo	noun	237	iron
žrvanj	noun	236	millstone | grindstone
ženin	adj	212	wife's, of a wife
žalostiti	verb	196	to sadden | to be sad, grieved, distressed
ždrijebac	noun	193	stallion, stud
ždrebac	noun	193	stallion, stud
žurnalizam	noun	183	journalism
živahnost	noun	183	vivacity, liveliness, vividness
ženskost	noun	158	femininity
živcirati	verb	155	to get on somebody's nerves [colloquial]
žuka	noun	120	Spanish broom (Spartium junceum)
žalac	noun	117	stinger (of an insect such as a bee or wasp) | barb, biting remark | the tip of the snake's tongue
žestiti	verb	114	to become furious
žarulja	noun	113	lightbulb
žgaravica	noun	107	heartburn
žbica	noun	100	spoke
žgoljav	adj	98	runty | scrawny
živopisnost	noun	89	picturesqueness, liveliness
žderač	noun	87	devourer [derogatory]
žedno	adv	83	thirstily
žvala	noun	79	cold sore | bit (metal placed in horse's mouth) | mouth [derogatory]
žuna	noun	74	woodpecker
žumanjak	noun	74	yolk
žalo	noun	73	beach, seaside, shore, sea bank
žbuka	noun	66	plaster (mixture of lime or gypsum, sand, and water)
želatinast	adj	63	gelatinous
žohar	noun	60	cockroach
žutokljunac	noun	59	fledgling (also figuratively)
žigolo	noun	56	gigolo
ždrebica	noun	56	filly | a sexy (young) woman [slang]
žličica	noun	51	teaspoon (small spoon)
ždrijeb	noun	51	lot (anything used in determining a question by chance)
ždreb	noun	51	lot (anything used in determining a question by chance)
žeći	verb	45	to burn
žemlja	noun	45	bun (small bread roll)
ženetina	noun	44	woman, wife [derogatory]
žeđati	verb	35	to be/become thirsty
ženskar	noun	17	womanizer
žetelica	noun	16	harvester
žderonja	noun	16	glutton, gormandizer [derogatory] | wolverine
žvakač	noun	13	chewer
žučljiv	adj	7	acrimonious, rancorous, vitriolic, caustic
žalovati	verb	6	to mourn
žbukati	verb	6	to plaster (cover with a mixture of lime or gypsum, sand, and water)
žilnica	noun	5	choroid
žabetina	noun	3	big and/or ugly frog
žabin	adj	3	frog's, of a frog
ždrijebati	verb	3	to cast lot, draw lot
ždrebati	verb	3	to cast lot, draw lot
