key	show	pos	ru	en	draw	scene
biti	biti	VERB	быть	to be	no	
hteti	hteti	VERB	хотеть	to want	no	
mnogo	mnogo	ADV	много	much, many	no	
trebati	trebati	VERB	нужно, надо; быть нужным	to need	no	
kada	kada	ADV	когда	when	no	
nemati	nemati	VERB	не иметь; nema — нет	to not have	no	
želeti	željeti	VERB	хотеть, желать	to wish	no	
stvarno	stvarno	ADV	правда, действительно	really	no	
značiti	značiti	VERB	значить	to mean	no	
žao	žao	ADV	жаль	sorry	no	
izgledati	izgledati	VERB	выглядеть, казаться	to look, to seem	no	
toliko	toliko	ADV	столько, настолько	so much	no	
video	video	NOUN	видео	video	maybe	a video camera with a red record light on top
veoma	veoma	ADV	очень	very	no	
upravo	upravo	ADV	как раз, именно; только что	exactly	no	
sigurno	sigurno	ADV	наверняка, точно	surely	no	
jednom	jednom	ADV	однажды, один раз	once	no	
puno	puno	ADV	много	a lot	no	
lepo	lijepo	ADV	красиво, хорошо	nicely	no	
pravo	pravo	NOUN	право; прямо	right, law	no	
jako	jako	ADV	очень; сильно	very, strongly	no	
izviniti	izviniti	VERB	извинить	to excuse	no	
daleko	daleko	ADV	далеко	far	no	
dosta	dosta	ADV	достаточно, хватит; довольно	enough	no	
uraditi	uraditi	VERB	сделать	to do	no	
desiti	desiti se	VERB	случиться	to happen	no	
pomoći	pomoći	VERB	помочь	to help	maybe	one person helping another carry a heavy box
ponovo	ponovo	ADV	снова, опять	again	no	
zaista	zaista	ADV	действительно, правда	really	no	
pogledati	pogledati	VERB	посмотреть	to look at	maybe	a person looking closely at a framed painting
siguran	siguran	ADJ	уверенный; надёжный	sure, confident	no	
par	par	NOUN	пара; пару, несколько	pair	maybe	a pair of matching shoes side by side
dugo	dugo	ADV	долго	for a long time	no	
previše	previše	ADV	слишком	too much	no	
večeras	večeras	ADV	сегодня вечером	this evening	no	
isto	isto	ADV	то же самое, одинаково	the same	no	
teško	teško	ADV	трудно, тяжело	hard, difficult	no	
nadati	nadati se	VERB	надеяться	to hope	no	
super	super	ADV	супер, отлично	super, great	no	
pravi	pravi	ADJ	настоящий	real, true	no	
dešavati	dešavati se	VERB	происходить	to happen	no	
sviđati	sviđati se	VERB	нравиться	to like	no	
pustiti	pustiti	VERB	отпустить; пустить	to let go	maybe	a hand releasing a red balloon into the sky
verovatno	vjerovatno	ADV	вероятно, наверное	probably	no	
istina	istina	NOUN	правда, истина	truth	no	
velik	velik	ADJ	большой	big	yes	a huge elephant standing next to a tiny mouse
dogoditi	dogoditi se	VERB	случиться	to happen	no	
tačno	tačno	ADV	точно	exactly	no	
činiti	činiti	VERB	делать; казаться (činiti se)	to do, to make	no	
dete	dijete	NOUN	ребёнок	child	yes	a small child smiling and holding a toy ball
otići	otići	VERB	уйти, уехать	to leave, to go away	maybe	a person walking away down a road carrying a suitcase
zapravo	zapravo	ADV	на самом деле	actually	no	
vratiti	vratiti	VERB	вернуть; вернуться (vratiti se)	to return something	maybe	a hand returning a book to a shelf
bar	bar	NOUN	бар; хотя бы	bar	maybe	a bar counter with rows of bottles behind it
tip	tip	NOUN	тип; парень	guy, type	no	
stati	stati	VERB	встать, остановиться; поместиться	to stop, to stand	maybe	a person standing still with one hand raised
prestati	prestati	VERB	перестать, прекратить	to stop doing	maybe	a hand raised in a stop gesture
dolar	dolar	NOUN	доллар	dollar	yes	a stack of US dollar banknotes on a table
takođe	takođe	ADV	тоже, также	also	no	
uskoro	uskoro	ADV	скоро	soon	no	
sjajno	sjajno	ADV	отлично, блестяще	brilliantly	no	
jednostavno	jednostavno	ADV	просто	simply	no	
trenutak	trenutak	NOUN	момент, миг	moment	maybe	an hourglass with sand falling through the neck
potpuno	potpuno	ADV	совершенно, полностью	completely	no	
uopšte	uopšte	ADV	вообще, совсем	at all	no	
briga	briga	NOUN	забота, беспокойство	worry	no	
brinuti	brinuti	VERB	беспокоиться (brinuti se); заботиться	to worry	no	
rano	rano	ADV	рано	early	maybe	a sunrise over the sea at dawn
stalno	stalno	ADV	постоянно	constantly	no	
osećati	osjećati	VERB	чувствовать (osjećati se)	to feel	no	
valjda	valjda	ADV	наверное, пожалуй	probably	no	
spreman	spreman	ADJ	готовый	ready	maybe	a runner in a starting crouch, ready to sprint
lako	lako	ADV	легко	easily	no	
jedini	jedini	ADJ	единственный	only, single	no	
ozbiljno	ozbiljno	ADV	серьёзно	seriously	no	
čudan	čudan	ADJ	странный	strange	no	
pretpostavljati	pretpostavljati	VERB	предполагать	to suppose	no	
svet	svijet	NOUN	мир, свет; люди	world	maybe	a globe of the Earth on a wooden stand
zvučiti	zvučiti	VERB	звучать	to sound	maybe	a loudspeaker with sound waves coming out of it
drag	drag	ADJ	дорогой, милый	dear	no	
jasno	jasno	ADV	ясно, понятно	clearly	no	
slučaj	slučaj	NOUN	случай	case	no	
događati	događati se	VERB	происходить	to happen	no	
paziti	paziti	VERB	следить, беречь; осторожно!	to take care of	maybe	a grown-up watching over a small child carefully
ikada	ikada	ADV	когда-нибудь	ever	no	
oprostiti	oprostiti	VERB	простить	to forgive	maybe	two people shaking hands in reconciliation
osoba	osoba	NOUN	человек, личность	person	yes	a single adult person standing, full figure
polako	polako	ADV	медленно, потихоньку	slowly	maybe	a snail crawling slowly along a green leaf
učiniti	učiniti	VERB	сделать	to do	no	
prilično	prilično	ADV	довольно, достаточно	fairly	no	
ceo	cio	ADJ	целый, весь	whole, entire	no	
voditi	voditi	VERB	вести; водить	to lead	maybe	a person leading a horse by its reins
pojam	pojam	NOUN	понятие; nemam pojma — понятия не имею	notion	no	
gospoda	gospoda	NOUN	господа	gentlemen	maybe	a group of well-dressed men in dark suits
ostati	ostati	VERB	остаться	to stay	maybe	a person sitting on a bench, staying in place
sinoć	sinoć	ADV	вчера вечером	last night	no	
važiti	važiti	VERB	считаться, быть в силе; važi — договорились	to be valid	no	
dečko	dečko	NOUN	парень; бойфренд	boy	maybe	a smiling young boy in a t-shirt
napolje	napolje	ADV	наружу, на улицу	outside	maybe	an open door showing a sunny street outside
izgubiti	izgubiti	VERB	потерять; проиграть	to lose	maybe	a child's red glove lying on the pavement
napraviti	napraviti	VERB	сделать	to make	maybe	a person building a small wooden birdhouse
nekako	nekako	ADV	как-то	somehow	no	
sećati	sjećati se	VERB	помнить, вспоминать	to remember	no	
divno	divno	ADV	чудесно, прекрасно	wonderfully	no	
jedino	jedino	ADV	единственно, только	only	no	
zaboraviti	zaboraviti	VERB	забыть	to forget	no	
ikad	ikad	ADV	когда-нибудь	ever	no	
ostaviti	ostaviti	VERB	оставить	to leave behind	maybe	a bag left on a park bench
mrziti	mrziti	VERB	ненавидеть	to hate	no	
poruka	poruka	NOUN	сообщение, послание	message	yes	a smartphone screen showing a text message bubble
razgovarati	razgovarati	VERB	разговаривать	to talk	yes	two people talking with speech bubbles above their heads
pokušavati	pokušavati	VERB	пытаться	to try	no	
obojiti	obojiti	VERB	покрасить	to paint	yes	a paintbrush painting a wall bright blue
kapetan	kapetan	NOUN	капитан	captain	yes	a ship captain in a peaked cap on the deck of a ship
bojati	bojati se	VERB	бояться	to be afraid	no	
doktor	doktor	NOUN	врач, доктор	doctor	yes	a doctor in a white coat with a stethoscope
dama	dama	NOUN	дама	lady	yes	an elegant lady in a long dress and hat
ostali	ostali	ADJ	остальные	the others, the rest	no	
pokušati	pokušati	VERB	попробовать, попытаться	to try	no	
otvoriti	otvoriti	VERB	открыть	to open	yes	a hand opening a wooden door
boleti	boljeti	VERB	болеть (о боли)	to hurt, to ache	maybe	a person holding their head in pain
nastaviti	nastaviti	VERB	продолжить	to continue	no	
lud	lud	ADJ	сумасшедший	crazy	no	
konačno	konačno	ADV	наконец	finally	no	
obično	obično	ADV	обычно	usually	no	
jutros	jutros	ADV	сегодня утром	this morning	maybe	a sunrise over the sea with a cup of coffee
jedva	jedva	ADV	едва, с трудом	barely	no	
smešno	smiješno	ADV	смешно	funny	maybe	a cartoon face laughing out loud with tears
poslati	poslati	VERB	послать, отправить	to send	maybe	an envelope with a stamp being dropped into a mailbox
očigledno	očigledno	ADV	очевидно	obviously	no	
početi	početi	VERB	начать	to begin	maybe	a runner at the start line with a starting whistle
svakako	svakako	ADV	обязательно, конечно	certainly	no	
strašno	strašno	ADV	страшно; очень	terrible	no	
sledeći	sljedeći	ADJ	следующий	next	no	
barem	barem	ADV	хотя бы	at least	no	
savršeno	savršeno	ADV	отлично, идеально	perfectly	no	
družiti	družiti se	VERB	дружить, общаться	to hang out	maybe	three friends laughing together on a park bench
kriv	kriv	ADJ	виноватый	guilty	no	
vest	vijest	NOUN	новость	news	maybe	a folded newspaper with a headline
sasvim	sasvim	ADV	совсем, вполне	quite	no	
roditelj	roditelj	NOUN	родитель	parent	yes	a parent holding a small child's hand
proći	proći	VERB	пройти	to pass by	maybe	a person walking past a street sign
iskreno	iskreno	ADV	искренне, честно	honestly	no	
inače	inače	ADV	иначе; вообще-то	otherwise	no	
zabavno	zabavno	ADV	весело, забавно	fun	no	
đavo	đavo	NOUN	чёрт, дьявол	devil	yes	a red cartoon devil with horns and a pitchfork
prilika	prilika	NOUN	возможность, шанс	opportunity	no	
požuriti	požuriti	VERB	поторопиться	to hurry	maybe	a person running to catch a bus with a clock
nemoguć	nemoguć	ADJ	невозможный	impossible	no	
napolju	napolju	ADV	на улице, снаружи	outside	maybe	a window view of a sunny street outdoors
drugačije	drugačije	ADV	по-другому	differently	no	
staviti	staviti	VERB	положить, поставить	to put	maybe	a hand placing a book on a table
vrsta	vrsta	NOUN	вид, сорт	kind, sort	no	
bitan	bitan	ADJ	важный	important	no	
shvatati	shvatati	VERB	понимать	to understand	no	
kleti	kleti se	VERB	клясться	to swear	no	
neverovatno	nevjerovatno	ADV	невероятно	incredible	no	
poznavati	poznavati	VERB	знать (кого-то)	to know someone	no	
ticati	ticati se	VERB	касаться	to concern	no	
vraćati	vraćati	VERB	возвращать; возвращаться (vraćati se)	to come back	maybe	a boomerang curving back toward the thrower
obećavati	obećavati	VERB	обещать	to promise	maybe	a hand with crossed fingers held up
napad	napad	NOUN	нападение	attack	maybe	a fist raised in a threatening gesture
sačekati	sačekati	VERB	подождать	to wait	maybe	a person sitting on a bench checking a wristwatch
zatvor	zatvor	NOUN	тюрьма	prison	yes	a prison cell with iron bars
pokušaj	pokušaj	NOUN	попытка	attempt	no	
dom	dom	NOUN	дом, родной дом	home	yes	a small house with a red roof and a garden
zauvek	zauvijek	ADV	навсегда	forever	no	
lično	lično	ADV	лично	personally	no	
znak	znak	NOUN	знак	sign	maybe	a road sign showing a warning triangle
razgovor	razgovor	NOUN	разговор	conversation	yes	two people sitting at a cafe table talking
prokletstvo	prokletstvo	NOUN	проклятие, беда	curse	maybe	a dark cursed scroll with a red seal
počinjati	počinjati	VERB	начинать	to begin	no	
izvoleti	izvoljeti	VERB	izvolite — пожалуйста, прошу	please, here you go	no	
upoznati	upoznati	VERB	познакомиться; узнать	to meet	maybe	two people shaking hands on meeting
čast	čast	NOUN	честь	honor	no	
kladiti	kladiti se	VERB	спорить на что-то, держать пари	to bet	maybe	two people shaking hands over a pile of coins
prevod	prevod	NOUN	перевод	translation	maybe	an open dictionary with a page of translated words
uspeti	uspjeti	VERB	суметь, удаться	to succeed	maybe	a runner crossing the finish line with arms raised
pogled	pogled	NOUN	взгляд; вид	look, glance	maybe	a pair of eyes glancing sideways
nedostajati	nedostajati	VERB	не хватать; скучать по (nedostaješ mi)	to miss someone	maybe	an empty chair at a table with one cup
usluga	usluga	NOUN	услуга, одолжение	favor	no	
ući	ući	VERB	войти	to enter	maybe	a person walking through an open doorway
ovuda	ovuda	ADV	сюда, этой дорогой	this way	no	
okolo	okolo	ADV	вокруг	around	no	
nekada	nekada	ADV	когда-то	once, formerly	no	
bežati	bježati	VERB	убегать, бежать	to run away	maybe	a figure running away down a path
slobodno	slobodno	ADV	свободно; смело, можно	freely	no	
glupo	glupo	ADV	глупо	stupidly	no	
kafa	kafa	NOUN	кофе	coffee	yes	a cup of coffee with steam rising
moć	moć	NOUN	сила, мощь	power	maybe	a flexed arm showing strength
gospođica	gospođica	NOUN	барышня, госпожа	miss	maybe	a young woman in a hat
čestitati	čestitati	VERB	поздравить	to congratulate	maybe	a birthday cake with candles and a card
javiti	javiti	VERB	сообщить, дать знать	to call, to inform	maybe	a ringing phone with an incoming call on screen
užasno	užasno	ADV	ужасно	terribly	no	
stanje	stanje	NOUN	состояние	state, condition	no	
definitivno	definitivno	ADV	определённо	definitely	no	
dvojica	dvojica	NOUN	двое (мужчин)	two men	yes	two adult men standing side by side
pomisliti	pomisliti	VERB	подумать	to think	maybe	a person with a thought bubble above their head
spustiti	spustiti	VERB	опустить	to lower	maybe	a hand lowering a cup onto a table
ustvari	ustvari	ADV	на самом деле	actually	no	
odvesti	odvesti	VERB	отвезти, отвести	to take away by car	maybe	a car driving away with a person in the back
izaći	izaći	VERB	выйти	to go out	maybe	a person walking out through a door
opustiti	opustiti se	VERB	расслабиться	to relax	maybe	a person relaxing on a sofa with a cup of tea
obzir	obzir	NOUN	внимание; bez obzira — несмотря на	consideration	no	
pozvati	pozvati	VERB	позвать, пригласить; позвонить	to invite	maybe	a printed invitation card with a ribbon
potreba	potreba	NOUN	потребность, нужда	need	no	
odjednom	odjednom	ADV	вдруг, внезапно	suddenly	no	
slagati	slagati se	VERB	соглашаться	to agree	maybe	two people nodding in agreement
pomalo	pomalo	ADV	немного	a little	no	
pratiti	pratiti	VERB	следить, следовать; провожать	to follow	maybe	footprints in the snow followed by a dog
praviti	praviti	VERB	делать	to make	maybe	a person building a small wooden shelf
ludo	ludo	ADV	безумно	madly	no	
karta	karta	NOUN	билет; карта	ticket, map	maybe	a train ticket and a folded paper map
umuknuti	umuknuti	VERB	замолчать	to fall silent	maybe	a finger pressed to lips in a quiet gesture
račun	račun	NOUN	счёт	bill	yes	a paper restaurant bill with coins on a table
prosto	prosto	ADV	просто	simply	no	
ionako	ionako	ADV	всё равно, и так	anyway	no	
zadovoljstvo	zadovoljstvo	NOUN	удовольствие	pleasure	no	
naučiti	naučiti	VERB	выучить, научиться	to learn	maybe	a student studying an open book at a desk
izvinjavati	izvinjavati se	VERB	извиняться	to apologize	maybe	a person with a hand on their chest apologizing
slučajno	slučajno	ADV	случайно	accidentally	no	
srećno	srećno	ADV	удачи; счастливо	good luck	maybe	a four-leaf clover
duboko	duboko	ADV	глубоко	deep	maybe	a deep blue ocean trench
baciti	baciti	VERB	бросить	to throw	yes	a hand throwing a ball into the air
doneti	donijeti	VERB	принести	to bring	maybe	a waiter bringing a plate of food
pasti	pasti	VERB	упасть	to fall	maybe	a red apple falling from a tree
visiti	visiti	VERB	висеть	to hang	yes	a coat hanging on a wall hook
ukrasti	ukrasti	VERB	украсть	to steal	maybe	a hand taking a wallet from a pocket
skroz	skroz	ADV	совсем, полностью	completely	no	
šaliti	šaliti se	VERB	шутить	to joke	maybe	two people laughing playfully together
sjajan	sjajan	ADJ	отличный, блестящий	shiny, great	maybe	a shiny gold coin
voziti	voziti	VERB	водить машину, ехать	to drive	yes	a person driving a car on a road
pažljivo	pažljivo	ADV	внимательно, осторожно	carefully	maybe	a hand carefully carrying an egg in a spoon
skloniti	skloniti	VERB	убрать; укрыться, уклониться (skloniti se)	to put away	maybe	a person putting a box on a high shelf
dozvoliti	dozvoliti	VERB	разрешить	to allow	maybe	a hand giving a thumbs up
iznenađenje	iznenađenje	NOUN	сюрприз, неожиданность	surprise	yes	a wrapped gift box with a big red bow
svejedno	svejedno	ADV	всё равно	all the same	no	
otkad	otkad	ADV	с каких пор; с тех пор как	since when	no	
prekinuti	prekinuti	VERB	прервать, прекратить	to interrupt	maybe	a hand raised to stop someone speaking
čudo	čudo	NOUN	чудо	miracle	maybe	a glowing golden star with sparkles above a rainbow
tajna	tajna	NOUN	тайна, секрет	secret	maybe	a small padlock with a key and a finger on the lips
ličiti	ličiti	VERB	быть похожим	to resemble	no	
mišljenje	mišljenje	NOUN	мнение	opinion	no	
mera	mjera	NOUN	мера	measure	maybe	a yellow folding measuring tape on a wooden table
krenuti	krenuti	VERB	тронуться, отправиться	to set off	maybe	a car driving away down a road at sunrise
uglavnom	uglavnom	ADV	в основном	mostly	no	
mnogi	mnogi	ADJ	многие	many	maybe	a large crowd of many small people standing together
nigde	nigdje	ADV	нигде	nowhere	no	
izvući	izvući	VERB	вытащить	to pull out	yes	a hand pulling a long carrot out of dark soil
saznati	saznati	VERB	узнать	to find out	maybe	a magnifying glass over an open document with text
fino	fino	ADV	хорошо, славно	nicely	no	
normalno	normalno	ADV	нормально; конечно	normal	no	
glup	glup	ADJ	глупый	stupid	no	
trag	trag	NOUN	след	trail, track	yes	fresh animal footprints in mud leading down a path
dovesti	dovesti	VERB	привести, привезти	to bring	maybe	a car arriving with a person stepping out of it
nazvati	nazvati	VERB	позвонить; назвать	to call (by phone)	yes	a person talking on an old-fashioned telephone handset
udariti	udariti	VERB	ударить	to hit	yes	a fist striking a wooden table with force
test	test	NOUN	тест	test	yes	a school test paper with a red pencil and a checkmark
pametan	pametan	ADJ	умный	smart	maybe	a clever owl wearing round glasses and reading a book
odličan	odličan	ADJ	отличный	excellent	maybe	a gold medal with a star on a red ribbon
prijateljica	prijateljica	NOUN	подруга	female friend	yes	two smiling young women with arms around each other
čuvati	čuvati	VERB	беречь, хранить, охранять	to guard	maybe	a watchful dog sitting beside a wooden gate
probuditi	probuditi	VERB	разбудить; проснуться (probuditi se)	to wake up	yes	a loud alarm clock ringing on a nightstand beside a bed
nikako	nikako	ADV	никак	no way	no	
cipela	cipela	NOUN	туфля, ботинок	shoe	yes	a single brown leather shoe on a plain light background
dobrodošao	dobrodošao	ADJ	желанный	welcome	maybe	a welcome mat in front of a wooden doorstep
zaustaviti	zaustaviti	VERB	остановить, прекратить	to stop	yes	a raised hand making a stop gesture
smeti	smjeti	VERB	сметь, можно	to dare, may	no	
klub	klub	NOUN	клуб	club	maybe	a nightclub entrance with a glowing neon sign
mirno	mirno	ADV	спокойно, тихо	calmly	no	
probati	probati	VERB	попробовать	to try (taste)	maybe	a person tasting soup from a wooden spoon
davno	davno	ADV	давно	long ago	no	
ozbiljan	ozbiljan	ADJ	серьёзный	serious	no	
obojica	obojica	NOUN	оба	both men	yes	two men standing side by side
delovati	djelovati	VERB	действовать; казаться	to work, to seem	no	
prsten	prsten	NOUN	кольцо	ring	yes	a gold ring with a small blue gemstone
obećati	obećati	VERB	пообещать	to promise	no	
pobeći	pobjeći	VERB	убежать, сбежать	to run away	yes	a person running away down a dirt road
čisto	čisto	ADV	чисто	cleanly	maybe	a sparkling clean kitchen sink with a sponge
nažalost	nažalost	ADV	к сожалению	unfortunately	no	
lik	lik	NOUN	персонаж; тип	character	maybe	a cartoon character with a big smile
dopadati	dopadati se	VERB	нравиться	to like	no	
slično	slično	ADV	похоже, подобно	similarly	no	
trudna	trudna	ADJ	беременная	pregnant	yes	a pregnant woman with one hand resting on her belly
ljut	ljut	ADJ	сердитый; острый	angry	maybe	an angry red-faced person with furrowed brows
odmor	odmor	NOUN	отдых, отпуск	holiday, rest	maybe	a beach umbrella and a deck chair by the sea
desno	desno	ADV	направо, справа	to the right	maybe	a road sign with an arrow pointing right
rado	rado	ADV	охотно, с удовольствием	gladly	no	
zavisiti	zavisiti	VERB	зависеть	to depend	no	
metar	metar	NOUN	метр	meter	yes	a yellow folding wooden meter ruler
ostajati	ostajati	VERB	оставаться	to stay	no	
srediti	srediti	VERB	уладить, привести в порядок	to tidy up, sort out	maybe	a tidy shelf with neatly arranged books and folders
očito	očito	ADV	очевидно	obviously	no	
prekasno	prekasno	ADV	слишком поздно	too late	maybe	a train pulling away from a platform as a person arrives late
snaga	snaga	NOUN	сила	strength	maybe	a strong arm with a flexed bicep
razmisliti	razmisliti	VERB	подумать, обдумать	to think over	maybe	a person with a hand on the chin, deep in thought
pola	pola	ADV	половина, пол-	half	yes	a red apple cut in half showing the inside
vrediti	vrijediti	VERB	стоить, иметь цену	to be worth	no	
usput	usput	ADV	по пути, кстати	on the way	no	
pristup	pristup	NOUN	доступ; подход	access	no	
prošlost	prošlost	NOUN	прошлое	the past	maybe	an old faded family photo album open on a table
let	let	NOUN	полёт; рейс	flight	yes	an airplane flying through a blue sky
zatvoriti	zatvoriti	VERB	закрыть	to close	yes	a hand closing a wooden door
ugovor	ugovor	NOUN	договор	contract	yes	a signed paper contract with a pen resting on it
devojčica	djevojčica	NOUN	девочка	little girl	yes	a smiling little girl with two braids
otkriti	otkriti	VERB	открыть, обнаружить	to uncover	maybe	a hand lifting a cloth to reveal an old treasure chest
spavanje	spavanje	NOUN	сон	sleep	maybe	a person sleeping peacefully in a bed under a blanket
obrada	obrada	NOUN	обработка	processing	no	
spasiti	spasiti	VERB	спасти	to rescue	yes	a lifeguard pulling a swimmer out of the water
pokret	pokret	NOUN	движение	movement	maybe	a runner with motion lines showing fast movement
savet	savjet	NOUN	совет	advice	maybe	a person raising one finger while giving advice
totalno	totalno	ADV	совершенно, полностью	totally	no	
detektiv	detektiv	NOUN	детектив	detective	yes	a detective in a trench coat holding a magnifying glass
zamisliti	zamisliti	VERB	представить	to imagine	maybe	a person with closed eyes and a thought cloud above
kasniti	kasniti	VERB	опаздывать	to be late	maybe	a wristwatch with hands past the hour
odgovoriti	odgovoriti	VERB	ответить	to answer	maybe	a person speaking into a phone with a speech bubble
odluka	odluka	NOUN	решение	decision	no	
tiho	tiho	ADV	тихо	quietly	maybe	a finger pressed to lips in a shushing gesture
otkaz	otkaz	NOUN	увольнение	dismissal	maybe	a termination letter with a red stamp on a desk
pojaviti	pojaviti se	VERB	появиться	to appear	no	
udarac	udarac	NOUN	удар	blow	maybe	a fist hitting a punching bag
taksi	taksi	NOUN	такси	taxi	yes	a yellow taxi car on a city street
popodne	popodne	NOUN	после обеда, днём	afternoon	maybe	a bright afternoon sun over a small town
umirati	umirati	VERB	умирать	to die	no	
napokon	napokon	ADV	наконец	finally	no	
uveče	uveče	ADV	вечером	in the evening	maybe	a sunset over the sea with a darkening sky
levo	lijevo	ADV	налево, слева	to the left	maybe	a road sign with an arrow pointing left
umoran	umoran	ADJ	усталый	tired	maybe	a tired person resting their head on a desk
krivica	krivica	NOUN	вина	guilt, fault	no	
fer	fer	ADV	честно, по-честному	fairly	no	
napustiti	napustiti	VERB	покинуть, бросить	to leave	maybe	a suitcase standing at the door of an empty house
pobrinuti	pobrinuti se	VERB	позаботиться	to take care of	no	
kutak	kutak	NOUN	угол, закуток	corner	maybe	a cozy corner with an armchair and a floor lamp
obožavati	obožavati	VERB	обожать	to adore	no	
provesti	provesti	VERB	провести	to spend (time)	no	
mrdati	mrdati	VERB	шевелиться, двигаться	to wiggle, move	no	
venčanje	vjenčanje	NOUN	свадьба, венчание	wedding	yes	a bride and groom exchanging wedding rings
kancelarija	kancelarija	NOUN	контора, офис	office	yes	a small office with a desk, computer and office chair
promeniti	promijeniti	VERB	изменить, поменять	to change	no	
proveriti	provjeriti	VERB	проверить	to check	maybe	a checklist with a green check mark next to each item
odeća	odjeća	NOUN	одежда	clothing	yes	a neatly folded stack of clothes on a shelf
noćas	noćas	ADV	сегодня ночью	last night	maybe	a dark night sky with a crescent moon and stars
funta	funta	NOUN	фунт	pound	maybe	a stack of coins beside a banknote
prevesti	prevesti	VERB	перевести	to translate	maybe	an open dictionary with two languages side by side
popričati	popričati	VERB	поговорить	to chat	maybe	two people chatting with speech bubbles above them
trčati	trčati	VERB	бегать, бежать	to run	yes	a person jogging along a park path
grozno	grozno	ADV	ужасно, страшно, грозно	terribly	no	
trajati	trajati	VERB	длиться	to last	no	
osećanje	osjećanje	NOUN	чувство	feeling	no	
veličanstvo	veličanstvo	NOUN	величество	majesty	maybe	a golden royal crown on a red velvet cushion
podatak	podatak	NOUN	данные, сведение	data, piece of information	maybe	a bar chart and a printed data sheet on a desk
uhvatiti	uhvatiti	VERB	поймать, схватить	to catch	yes	a hand catching a red ball in mid-air
valjati	valjati	VERB	годиться; ne valja — плохо	to be good, to be worth it	no	
droga	droga	NOUN	наркотик	drug	no	
pozadi	pozadi	ADV	сзади	behind	maybe	a cat hiding behind a large cardboard box
primetiti	primijetiti	VERB	заметить	to notice	maybe	a magnifying glass highlighting one detail in a picture
skinuti	skinuti	VERB	снять	to take off	maybe	a hand taking a jacket off a shoulder
bivši	bivši	ADJ	бывший	former	no	
heroj	heroj	NOUN	герой	hero	maybe	a superhero in a red cape standing proudly
pošteno	pošteno	ADV	честно, как следует	honestly	no	
izlaz	izlaz	NOUN	выход	exit	yes	a green exit sign above a doorway
zapamtiti	zapamtiti	VERB	запомнить	to remember	no	
zabrinut	zabrinut	ADJ	обеспокоенный	worried	no	
ustati	ustati	VERB	встать	to get up	maybe	a person sitting up in bed in the morning
ček	ček	NOUN	чек (банковский)	bank cheque	yes	a bank cheque with a pen lying on it
drugar	drugar	NOUN	приятель, друг	buddy, mate	maybe	two friends clasping hands in greeting
zadržati	zadržati	VERB	задержать, оставить себе	to hold back	no	
vojska	vojska	NOUN	армия, войско	army	maybe	a line of soldiers marching in formation
predivno	predivno	ADV	прекрасно, чудесно	wonderful	no	
dopustiti	dopustiti	VERB	позволить	to allow	no	
činjenica	činjenica	NOUN	факт	fact	no	
nijedan	nijedan	ADJ	ни один	none	no	
uništiti	uništiti	VERB	уничтожить	to destroy	maybe	a clay vase smashed into pieces on the floor
dosadno	dosadno	ADV	скучно	boring	no	
nedavno	nedavno	ADV	недавно	recently	no	
odvratno	odvratno	ADV	отвратительно	disgusting	no	
ceniti	cijeniti	VERB	ценить	to value	no	
sramota	sramota	NOUN	позор, стыд	shame	no	
blago	blago	ADV	мягко, слегка	gently	no	
meta	meta	NOUN	мишень, цель	target	yes	a red archery target with an arrow in the centre
boriti	boriti se	VERB	бороться	to fight	maybe	two boxers in fighting stance in a ring
pametno	pametno	ADV	умно	smartly	no	
dogovoriti	dogovoriti se	VERB	договориться	to agree	maybe	two people shaking hands over a table
vođa	vođa	NOUN	вождь, лидер	leader	maybe	a leader standing at the front of a group
tetka	tetka	NOUN	тётя	aunt	maybe	a smiling middle-aged woman with a warm expression
plus	plus	NOUN	плюс	plus	maybe	a bold plus sign written on a chalkboard
ukus	ukus	NOUN	вкус	taste	maybe	a lemon slice next to a tongue
kratko	kratko	ADV	коротко, ненадолго	briefly	no	
operacija	operacija	NOUN	операция	surgery	maybe	an operating room with a surgical lamp above the table
otprilike	otprilike	ADV	примерно	roughly	no	
drugačiji	drugačiji	ADJ	другой, иной	different	maybe	a red cube standing beside a blue sphere
curiti	curiti	VERB	течь, капать	to drip	yes	water dripping from a metal faucet
kutija	kutija	NOUN	коробка	box	yes	a plain cardboard box with a tape seal
čudovište	čudovište	NOUN	чудовище	monster	yes	a friendly green cartoon monster with horns
iznenada	iznenada	ADV	внезапно	suddenly	no	
mobilni	mobilni	ADJ	мобильный; мобильник	mobile phone	yes	a smartphone with a blank screen on a table
pobediti	pobijediti	VERB	победить	to defeat, to win	maybe	a trophy cup on top of a winner's podium
član	član	NOUN	член (группы)	member	no	
grudi	grudi	NOUN	грудь	chest	no	
gomila	gomila	NOUN	куча, толпа	heap, pile	yes	a large heap of sand on the ground
pucati	pucati	VERB	стрелять	to shoot	no	
odnos	odnos	NOUN	отношение; отношения	relationship	no	
pročitati	pročitati	VERB	прочитать	to read	yes	a person reading an open book in an armchair
dugovati	dugovati	VERB	быть должным	to owe	no	
makar	makar	ADV	хотя бы	at least	no	
profesor	profesor	NOUN	профессор, преподаватель	teacher	yes	a teacher standing beside a blackboard with chalk
fantastično	fantastično	ADV	фантастически	fantastically	no	
začepiti	začepiti	VERB	заткнуть; začepiti se заткнуться, засориться (о трубе)	to plug, to shut up	maybe	a cork stopper pushed into a glass bottle
naročito	naročito	ADV	особенно	especially	no	
kamera	kamera	NOUN	камера	camera	yes	a vintage camera with a lens on a wooden table
poludeti	poludjeti	VERB	сойти с ума	to go mad	no	
kretati	kretati	VERB	двигаться (kretati se); отправляться	to move, set off	no	
trik	trik	NOUN	трюк, фокус	trick	maybe	a magician's top hat with a rabbit peeking out
milja	milja	NOUN	миля	mile	maybe	a road sign with the distance marked in miles
pogoditi	pogoditi	VERB	угадать; попасть	to guess, to hit	maybe	an arrow hitting the centre of a target
tim	tim	NOUN	команда	team	yes	a group of teammates in matching sports jerseys
đubre	đubre	NOUN	навоз, помёт	manure	maybe	a pile of manure in a farmyard
nivo	nivo	NOUN	уровень	level	maybe	a spirit level tool with a bubble centred in the glass
zaljubljen	zaljubljen	ADJ	влюблённый	in love	maybe	two people holding hands with a heart shape above
poći	poći	VERB	пойти, отправиться	to go	no	
visoko	visoko	ADV	высоко	high	maybe	a tall snowy mountain peak against the sky
vruće	vruće	ADV	жарко, горячо	hot	maybe	a steaming hot bowl of soup on a table
prodati	prodati	VERB	продать	to sell	maybe	a shop counter with a price tag on the goods
predstavljati	predstavljati	VERB	представлять	to represent	no	
osiguranje	osiguranje	NOUN	страховка; охрана	insurance	maybe	an insurance policy document with a shield symbol
izabrati	izabrati	VERB	выбрать	to choose	maybe	a hand choosing one of three boxes
letiti	letiti	VERB	лететь	to fly	yes	a bird flying high in the blue sky
dirati	dirati	VERB	трогать	to touch	no	
odgovoran	odgovoran	ADJ	ответственный	responsible	no	
faliti	faliti	VERB	не хватать	to be missing	no	
nasamo	nasamo	ADV	наедине	in private	no	
vrag	vrag	NOUN	чёрт	devil	maybe	a small red cartoon devil holding a pitchfork
gazda	gazda	NOUN	хозяин	owner, host	maybe	a shopkeeper standing behind a counter
ubrzo	ubrzo	ADV	вскоре	soon	no	
potez	potez	NOUN	ход, шаг	move (in chess)	maybe	a chess piece moved to a new square on the board
zavezati	zavezati	VERB	завязать	to tie	yes	two hands tying a shoelace on a sneaker
žurka	žurka	NOUN	вечеринка	party	yes	a birthday party table with balloons and a cake
pogrešiti	pogriješiti	VERB	ошибиться	to make a mistake	maybe	a red cross mark on a school paper
priznati	priznati	VERB	признать, признаться	to admit	no	
odrastati	odrastati	VERB	расти, взрослеть	to grow up	maybe	a small sapling growing tall beside a child
cveće	cvijeće	NOUN	цветы	flowers	yes	a bouquet of colourful flowers in a glass vase
oženiti	oženiti	VERB	жениться (oženiti se)	to marry	maybe	a man placing a wedding ring on a woman's finger
žaliti	žaliti	VERB	жалеть; жаловаться	to regret	no	
zgodan	zgodan	ADJ	красивый, симпатичный; удобный	handsome	maybe	a handsome smiling man in a stylish jacket
uključivati	uključivati	VERB	включать	to include, to switch on	no	
ispravno	ispravno	ADV	правильно	correctly	no	
direktno	direktno	ADV	прямо, напрямую	directly	no	
dobijati	dobijati	VERB	получать	to receive	maybe	a person receiving an envelope from a mailbox
bomba	bomba	NOUN	бомба	bomb	maybe	a cartoon round black bomb with a lit fuse
odelo	odijelo	NOUN	костюм	suit	yes	a man's dark suit hanging on a wooden hanger
dvaput	dvaput	ADV	дважды	twice	no	
rezultat	rezultat	NOUN	результат	result	no	
upaliti	upaliti	VERB	включить, зажечь	to light, switch on	yes	a match striking to light a candle
širom	širom	ADV	по всему (širom svijeta)	throughout	no	
prijatno	prijatno	ADV	приятно; prijatno! — приятного аппетита	pleasant	no	
čitav	čitav	ADJ	целый	whole	no	
predlagati	predlagati	VERB	предлагать	to suggest	no	
iskustvo	iskustvo	NOUN	опыт	experience	no	
doista	doista	ADV	действительно	indeed	no	
poenta	poenta	NOUN	суть	point	no	
jelo	jelo	NOUN	блюдо, еда	dish, food	yes	a plate of cooked food on a table
stanica	stanica	NOUN	остановка, станция	bus stop	yes	a bus stop shelter with a bench at the roadside
zahvaliti	zahvaliti	VERB	поблагодарить	to thank	no	
miran	miran	ADJ	спокойный	peaceful	no	
strava	strava	NOUN	ужас, кошмар	dread, horror	no	
ponašati	ponašati se	VERB	вести себя	to behave	no	
napasti	napasti	VERB	напасть	to attack	no	
uostalom	uostalom	ADV	впрочем	after all	no	
zezati	zezati	VERB	подшучивать, подкалывать	to tease	no	
ujak	ujak	NOUN	дядя (брат матери)	uncle	maybe	an older man in a suit smiling at a family gathering
naređenje	naređenje	NOUN	приказ	order	no	
prihvatiti	prihvatiti	VERB	принять	to accept	maybe	a hand accepting an offered gift box
svedok	svjedok	NOUN	свидетель	witness	maybe	a person raising a hand to take an oath in court
propustiti	propustiti	VERB	пропустить, упустить	to miss	maybe	a bus pulling away as a person waves from the stop
međuvreme	međuvrijeme	NOUN	u međuvremenu — тем временем	meanwhile	no	
izuzetno	izuzetno	ADV	исключительно	exceptionally	no	
braća	braća	NOUN	братья	brothers	yes	two brothers standing side by side with arms around each other
zamalo	zamalo	ADV	чуть не	almost	no	
donositi	donositi	VERB	приносить	to bring	no	
neobično	neobično	ADV	необычно	unusually	no	
smrditi	smrditi	VERB	вонять	to stink	maybe	a garbage bin with wavy stink lines rising from it
povrediti	povrijediti	VERB	ранить, обидеть	to hurt, to wound	maybe	a child with a small bandage on a finger, sad face
želja	želja	NOUN	желание	wish, desire	no	
ispasti	ispasti	VERB	выпасть; оказаться	to fall out, to turn out	no	
udati	udati se	VERB	выйти замуж	to marry (of a woman)	maybe	a bride in a white wedding dress and veil
osnova	osnova	NOUN	основа	basis, foundation	no	
tužno	tužno	ADV	грустно	sadly	no	
kriti	kriti	VERB	скрывать	to hide, to conceal	maybe	a small gift box hidden behind a curtain
iznutra	iznutra	ADV	изнутри	from inside	no	
čvrsto	čvrsto	ADV	крепко, плотно	firmly, tightly	no	
gadno	gadno	ADV	мерзко, плохо	nastily, badly	no	
dokle	dokle	ADV	докуда, до каких пор	until when, how far	no	
rok	rok	NOUN	срок	deadline	maybe	a wall calendar with a red circle around one date
sklanjati	sklanjati	VERB	убирать; уходить с дороги (sklanjati se)	to clear away, to move aside	maybe	hands clearing books from a table into a box
prelep	prelijep	ADJ	прекрасный	beautiful	maybe	a stunning sunset over a calm sea with mountains
ekipa	ekipa	NOUN	команда, компания	team, crew	maybe	a group of four people in matching sports shirts standing together
umesto	umjesto	ADV	вместо	instead of	no	
mašina	mašina	NOUN	машина, механизм	machine, car	maybe	a mechanical machine with gears and a lever
tvrditi	tvrditi	VERB	утверждать	to claim, to assert	no	
uzrok	uzrok	NOUN	причина	cause	no	
ulaz	ulaz	NOUN	вход	entrance	yes	an open building entrance doorway with stone steps
sranje	sranje	NOUN	дерьмо, срань	crap (vulgar)	no	
stopalo	stopalo	NOUN	стопа	foot	yes	a bare human foot seen from the side
kupatilo	kupatilo	NOUN	ванная	bathroom	yes	a small bathroom with a white bathtub and sink
koleno	koljeno	NOUN	колено	knee	yes	a close-up of a human knee, leg slightly bent
kartica	kartica	NOUN	карточка (банковская)	bank card	yes	a plastic bank card lying on a table
podrum	podrum	NOUN	подвал	basement, cellar	yes	a stone cellar with wooden barrels and stairs going down
čistiti	čistiti	VERB	чистить, убирать	to clean	yes	a person wiping a table with a cloth and spray bottle
novčanik	novčanik	NOUN	кошелёк	wallet	yes	a brown leather wallet with banknotes peeking out
dvorište	dvorište	NOUN	двор	yard, courtyard	yes	a small house yard with stone paving and a tree
pregled	pregled	NOUN	осмотр (у врача)	medical checkup	maybe	a doctor with a stethoscope examining a patient
tableta	tableta	NOUN	таблетка	pill	yes	a few white round pills on a table next to a glass of water
čizma	čizma	NOUN	сапог	boot	yes	a pair of brown leather boots
recept	recept	NOUN	рецепт	recipe	maybe	an open cookbook page with a handwritten recipe
komšija	komšija	NOUN	сосед	neighbor (man)	maybe	two men chatting over a garden fence
kapija	kapija	NOUN	ворота, калитка	gate	yes	a wrought-iron garden gate in a stone wall
stric	stric	NOUN	дядя (брат отца)	uncle (father's brother)	no	
salata	salata	NOUN	салат	salad	yes	a bowl of fresh green salad with tomato and cucumber
kauč	kauč	NOUN	диван	couch	yes	a comfortable grey fabric couch with cushions
talas	talas	NOUN	волна	wave	yes	a big blue ocean wave curling over
piletina	piletina	NOUN	курятина	chicken meat	yes	a plate of roasted chicken fillets
džemper	džemper	NOUN	свитер	sweater	yes	a knitted wool sweater folded on a chair
povrće	povrće	NOUN	овощи	vegetables	yes	a pile of mixed fresh vegetables: carrots, peppers, onions
pasulj	pasulj	NOUN	фасоль	beans	yes	a bowl of cooked white bean stew
zavesa	zavjesa	NOUN	занавеска, штора	curtain	yes	a light fabric window curtain hanging beside a window
daljinski	daljinski	NOUN	пульт	TV remote control	yes	a black TV remote control on a sofa cushion
kesa	kesa	NOUN	пакет	plastic bag	yes	a plastic shopping bag with groceries
kafić	kafić	NOUN	кафе	café	yes	a small outdoor café with tables and chairs by the street
oblačiti	oblačiti se	VERB	одеваться	to get dressed	maybe	a person pulling a sweater over their head
prekosutra	prekosjutra	ADV	послезавтра	the day after tomorrow	no	
poklopac	poklopac	NOUN	крышка	lid, cover	yes	a round metal pot lid resting beside a cooking pot
odmarati	odmarati se	VERB	отдыхать	to rest, to relax	maybe	a person relaxing in a hammock with eyes closed
munja	munja	NOUN	молния	lightning	yes	a bright lightning bolt across a dark night sky
ćebe	ćebe	NOUN	одеяло, плед	blanket	yes	a folded woolen blanket on a bed
kukuruz	kukuruz	NOUN	кукуруза	corn	yes	fresh yellow corn cobs with green husks
prati	prati	VERB	мыть, стирать	to wash	yes	hands washing dishes in a sink with soap bubbles
presvući	presvući se	VERB	переодеться	to change clothes	maybe	a person pulling off a shirt to change clothes
koza	koza	NOUN	коза	goat	yes	a brown goat standing on a rocky hillside
daska	daska	NOUN	доска	board	yes	a wooden cutting board with a knife on a kitchen counter
korpa	korpa	NOUN	корзина	basket	yes	a woven wicker basket filled with bread
ujna	ujna	NOUN	тётя (жена брата матери)	aunt (mother's sister)	no	
jagoda	jagoda	NOUN	клубника	strawberry	yes	a bowl of fresh red strawberries
večerati	večerati	VERB	ужинать	to have dinner	maybe	a family sitting at a dinner table with plates
limun	limun	NOUN	лимон	lemon	yes	a whole yellow lemon and a lemon half on a wooden board
vrućina	vrućina	NOUN	жара	heat	maybe	a blazing sun over a dry sunbaked field with heat haze
polica	polica	NOUN	полка	shelf	yes	a wooden wall shelf with jars and books
kasa	kasa	NOUN	касса	cash register	yes	a retail cash register with an open drawer at a checkout counter
kišobran	kišobran	NOUN	зонт	umbrella	yes	an open red umbrella in the rain
topiti	topiti	VERB	поливать (в Черногории); топить, плавить	to water (plants)	yes	a person watering green plants with a watering can
lonac	lonac	NOUN	кастрюля	cooking pot	yes	a large cooking pot with a lid on a stove
džem	džem	NOUN	джем, варенье	jam	yes	a jar of red fruit jam with a spoon
kokoška	kokoška	NOUN	курица	hen	yes	a brown hen standing on farmyard dirt
hladno	hladno	ADV	холодно	coldly, it is cold	maybe	a person shivering in a winter coat next to snow
terasa	terasa	NOUN	терраса	terrace	yes	a sunny terrace with a table, chairs and potted plants
papuča	papuča	NOUN	тапочка	slipper	yes	a pair of fluffy house slippers
čajnik	čajnik	NOUN	чайник	kettle, teapot	yes	a metal kettle on a stove with steam rising
komšinica	komšinica	NOUN	соседка	neighbor (woman)	maybe	a woman chatting over a garden fence
kupaći	kupaći	NOUN	купальник, плавки	swimming trunks, swimsuit	yes	a pair of blue men's swim trunks
ručati	ručati	VERB	обедать	to have lunch	maybe	a family eating lunch at a table
tegla	tegla	NOUN	банка (стеклянная)	glass jar	yes	an empty glass jar with a metal lid
dušek	dušek	NOUN	матрас	mattress	yes	a striped mattress on a bed frame
raskrsnica	raskrsnica	NOUN	перекрёсток	intersection, crossroads	yes	a city street crossroads with traffic lights and a crosswalk
rerna	rerna	NOUN	духовка	oven	yes	a kitchen oven with a golden baked cake inside
salveta	salveta	NOUN	салфетка	napkin	yes	a folded white paper napkin next to a plate
sijalica	sijalica	NOUN	лампочка	light bulb	yes	a glowing incandescent light bulb
maslina	maslina	NOUN	оливка, маслина	olive	yes	a branch of green olives with an oil bottle
market	market	NOUN	супермаркет	supermarket	yes	a bright supermarket aisle with shelves of groceries and a shopping cart
tuširati	tuširati se	VERB	принимать душ	to shower	yes	a person showering under the water spray
zamrzivač	zamrzivač	NOUN	морозильник	freezer	yes	a white chest freezer with frost on the lid
rakija	rakija	NOUN	ракия	rakija (fruit brandy)	yes	a small glass of clear rakija next to a bottle
bankomat	bankomat	NOUN	банкомат	ATM	yes	a street ATM machine with a card slot and screen
petao	pijetao	NOUN	петух	rooster	yes	a colorful rooster standing in a farmyard
ljubičast	ljubičast	ADJ	фиолетовый	violet, purple	yes	a round purple ball on a white background
trešnja	trešnja	NOUN	черешня	cherry	yes	a bunch of dark red cherries with stems
otvarač	otvarač	NOUN	открывалка	bottle opener	yes	a metal bottle opener next to a glass bottle
čorba	čorba	NOUN	суп (густой), похлёбка	thick soup	yes	a bowl of thick hearty soup with meat and vegetables
mesara	mesara	NOUN	мясная лавка	butcher's shop	yes	a butcher's shop window with hanging sausages and meat
semafor	semafor	NOUN	светофор	traffic light	yes	a red traffic light at a city crossing
strina	strina	NOUN	тётя (жена брата отца)	aunt (father's brother's wife)	no	
nar	nar	NOUN	гранат	pomegranate	yes	a ripe red pomegranate split open showing its seeds
punjač	punjač	NOUN	зарядка (устройство)	phone charger	yes	a white phone charger cable and plug on a table
narandžast	narandžast	ADJ	оранжевый	orange (color)	yes	a bright orange traffic cone on a street
sudopera	sudopera	NOUN	мойка (кухонная)	kitchen sink	yes	a stainless steel kitchen sink with a faucet and dishes
paprika	paprika	NOUN	перец (овощ)	bell pepper	yes	a red and a green bell pepper on a table
stanodavac	stanodavac	NOUN	хозяин квартиры (сдающий)	landlord	maybe	a landlord handing a set of keys to a tenant
tikvica	tikvica	NOUN	кабачок	zucchini	yes	a green zucchini on a cutting board
jagnjetina	jagnjetina	NOUN	баранина	lamb meat	yes	roasted lamb meat on a platter
usisavati	usisavati	VERB	пылесосить	to vacuum	yes	a person vacuuming a carpet with a vacuum cleaner
radijator	radijator	NOUN	батарея (отопления)	radiator	yes	a white metal radiator under a window
testenina	tjestenina	NOUN	макароны	pasta	yes	a pile of dry spaghetti pasta
toalet	toalet	NOUN	туалет	toilet	yes	a white toilet bowl in a bathroom
stepenice	stepenice	NOUN	лестница (ступени)	stairs	yes	a flight of stone steps in a building
plafon	plafon	NOUN	потолок	ceiling	yes	a white room ceiling with a hanging light fixture
kirija	kirija	NOUN	квартплата, аренда	rent (payment for apartment)	maybe	a rent receipt next to a set of keys on a table
čaršav	čaršav	NOUN	простыня	bed sheet	yes	a white bed sheet on a bed
jorgan	jorgan	NOUN	одеяло (стёганое)	quilt, duvet	yes	a quilted duvet on a bed
lampa	lampa	NOUN	лампа	lamp	yes	a desk lamp on a table
utičnica	utičnica	NOUN	розетка	electrical socket	yes	a wall electrical socket with a plug inserted
šporet	šporet	NOUN	плита	stove, cooker	yes	a kitchen stove with four burners and a pot on top
česma	česma	NOUN	кран; фонтанчик	tap, faucet	yes	a stone public water fountain with a metal tap
kašičica	kašičica	NOUN	чайная ложка	teaspoon	yes	a small silver teaspoon on a saucer
šerpa	šerpa	NOUN	кастрюля, сотейник	saucepan	yes	a stainless steel saucepan with a lid
činija	činija	NOUN	миска	bowl	yes	a deep ceramic bowl filled with food
flaša	flaša	NOUN	бутылка	bottle	yes	a glass bottle of water
so	so	NOUN	соль	salt	yes	a glass salt shaker and a small pile of salt
biber	biber	NOUN	перец (молотый)	ground black pepper	yes	a pepper grinder with black peppercorns
pavlaka	pavlaka	NOUN	сметана	sour cream	yes	a bowl of white sour cream with a spoon
kajmak	kajmak	NOUN	каймак	kajmak (dairy spread)	yes	a bowl of creamy white kajmak cheese spread
junetina	junetina	NOUN	говядина	beef	yes	a raw red beef steak on a wooden board
pršut	pršut	NOUN	прошутто (вяленый окорок)	prosciutto (dry-cured ham)	yes	thin slices of dark dried ham on a wooden board
kajsija	kajsija	NOUN	абрикос	apricot	yes	ripe orange apricots with a leaf
patlidžan	patlidžan	NOUN	баклажан	eggplant	yes	a glossy purple eggplant on a table
spanać	spanać	NOUN	шпинат	spinach	yes	a bunch of fresh green spinach leaves
farmerke	farmerke	NOUN	джинсы	jeans	yes	a pair of blue denim jeans folded on a table
patika	patika	NOUN	кроссовка	sneakers	yes	a pair of white sneakers
kaiš	kaiš	NOUN	ремень	belt	yes	a brown leather belt with a metal buckle
uvo	uvo	NOUN	ухо	ear	yes	a close-up of a human ear
grip	grip	NOUN	грипп	flu	maybe	a person in bed with tissues and a thermometer
rođaka	rođaka	NOUN	двоюродная сестра, родственница	female relative (cousin)	no	
pijaca	pijaca	NOUN	рынок	open-air market	yes	an open-air market stall with fruit and vegetables
trotoar	trotoar	NOUN	тротуар	sidewalk, pavement	yes	a city sidewalk with pedestrians walking
parking	parking	NOUN	парковка	parking lot	yes	a parking lot with parked cars
pumpa	pumpa	NOUN	заправка; насос	gas station, fuel pump	maybe	a red gas station fuel pump
pare	pare	NOUN	деньги (разг.)	money (colloquial)	yes	a stack of coins and banknotes on a table
kusur	kusur	NOUN	сдача	change (coins returned)	yes	a handful of small coins on a shop counter
veče	veče	NOUN	вечер	evening	maybe	a sunset over the sea with a pink sky
peglati	peglati	VERB	гладить (утюгом)	to iron	yes	a person ironing a white shirt on an ironing board
češljati	češljati se	VERB	причёсываться	to comb one's hair	yes	a person combing their hair in front of a mirror
umivati	umivati se	VERB	умываться	to wash one's face	yes	a person washing their face with water at a sink
zalevati	zalijevati	VERB	поливать	to water (plants)	yes	a person watering plants with a watering can
fen	fen	NOUN	фен	hair dryer	yes	a hair dryer blowing warm air
braon	braon	ADJ	коричневый	brown	yes	a brown leather bag on a table
roze	roze	ADJ	розовый	pink	yes	a pink balloon on a white background
hemijska	hemijska	NOUN	ручка (шариковая)	ballpoint pen	yes	a blue ballpoint pen lying on a sheet of paper
džezva	džezva	NOUN	турка (для кофе)	džezva (coffee pot)	yes	a small copper džezva coffee pot with foam
saditi	saditi	VERB	сажать	to plant	yes	a person planting a seedling in soil with a trowel
voćnjak	voćnjak	NOUN	фруктовый сад	orchard	yes	an orchard with rows of fruit trees
njiva	njiva	NOUN	поле, нива	field	yes	a green farm field with rows of crops
oprema	oprema	NOUN	оборудование, снаряжение	equipment, gear	maybe	a backpack, helmet and boots on the floor
veličina	veličina	NOUN	размер	size	maybe	three shirts of different sizes labeled S, M and L
muški	muški	ADJ	мужской	men's, male	maybe	a man's grey suit jacket on a hanger
roba	roba	NOUN	товар	goods, merchandise	maybe	shelves of stacked products in a shop
materijal	materijal	NOUN	материал	material, fabric	maybe	swatches of fabric and wood samples on a table
veš	veš	NOUN	бельё	laundry, underwear	maybe	a pile of clean laundry, socks and shirts
bazen	bazen	NOUN	бассейн	swimming pool	yes	an outdoor swimming pool with blue water and lounge chairs
kolica	kolica	NOUN	коляска; тележка	stroller, trolley	maybe	a baby stroller on a sidewalk
sofa	sofa	NOUN	диван	sofa	yes	a modern grey sofa in a living room
nakit	nakit	NOUN	украшения (ювелирные)	jewelry	yes	a gold necklace and earrings on a velvet cloth
čišćenje	čišćenje	NOUN	уборка, чистка	cleaning	maybe	a broom and dustpan in a tidy room
visina	visina	NOUN	высота; рост	height	maybe	a tall tree being measured with a measuring tape
set	set	NOUN	набор, комплект	set, kit	maybe	a boxed set of colored pencils
slušalica	slušalica	NOUN	наушник; трубка	headphones	yes	a pair of black over-ear headphones
pranje	pranje	NOUN	стирка, мытьё	washing (laundry)	maybe	a washing machine with laundry and soap
uputstvo	uputstvo	NOUN	инструкция	instructions	yes	an instruction manual booklet with diagrams
tuš	tuš	NOUN	душ	shower	yes	a shower head with water spray in a bathroom
kavez	kavez	NOUN	клетка	cage	yes	a metal birdcage with a yellow bird inside
roštilj	roštilj	NOUN	гриль, мангал	barbecue grill	yes	a barbecue grill with sausages and steaks over coals
težina	težina	NOUN	вес	weight	maybe	a kitchen scale with a bag of flour on it
slatkiš	slatkiš	NOUN	сладость, конфета	sweet, candy	yes	assorted colorful candies in a bowl
otpad	otpad	NOUN	мусор, отходы	waste, rubbish	yes	a pile of rubbish and plastic waste bags
vreća	vreća	NOUN	мешок	sack	yes	a large burlap sack full of grain
sportski	sportski	ADJ	спортивный	sports (adj.)	maybe	a soccer ball and a pair of running shoes
kućni	kućni	ADJ	домашний	home, household (adj.)	maybe	a cozy living room interior with a lamp and a plant
nekretnina	nekretnina	NOUN	недвижимость	real estate	maybe	a model house on a desk next to a key
prodavac	prodavac	NOUN	продавец	shop assistant	yes	a shop assistant behind a counter
oglas	oglas	NOUN	объявление	advertisement	yes	a printed classified ad in a newspaper
pribor	pribor	NOUN	принадлежности; pribor za jelo — столовые приборы	cutlery	yes	a set of silver forks, knives and spoons
pelena	pelena	NOUN	подгузник	diaper	yes	a white baby diaper
kvalitet	kvalitet	NOUN	качество	quality	no	
ormarić	ormarić	NOUN	шкафчик	small cabinet	yes	a small wooden kitchen cabinet with doors
školjka	školjka	NOUN	раковина (морская); унитаз	seashell	maybe	a seashell on wet sand
konzerva	konzerva	NOUN	консервы, консервная банка	canned food	yes	several canned food tins on a shelf
garderoba	garderoba	NOUN	гардероб, одежда	wardrobe, clothes	yes	an open wardrobe with hanging clothes
grickalica	grickalica	NOUN	снек (чипсы, орешки)	snack	yes	a bowl of salty potato chips and nuts
ljubimac	ljubimac	NOUN	питомец (kućni ljubimac)	pet	yes	a friendly pet dog sitting by a home
plaćanje	plaćanje	NOUN	оплата	payment	maybe	a hand paying with a card at a checkout terminal
posuda	posuda	NOUN	ёмкость, посудина	container, vessel	maybe	a clay bowl and a container with a lid
pecivo	pecivo	NOUN	выпечка, булочка	bread roll, pastry	yes	a fresh bread roll on a plate
dostava	dostava	NOUN	доставка	delivery	yes	a courier delivering a cardboard box to a doorstep
šoljica	šoljica	NOUN	чашечка	small coffee cup	yes	a small white coffee cup on a saucer
dužina	dužina	NOUN	длина	length	maybe	a measuring tape stretched out to show length
posteljina	posteljina	NOUN	постельное бельё	bed linen	yes	a set of white bed linen folded on a bed
letnji	ljetnji	ADJ	летний	summer (adj.)	maybe	a sunny beach with umbrellas
jelka	jelka	NOUN	новогодняя ёлка	Christmas tree	yes	a decorated Christmas tree with lights and ornaments
ukras	ukras	NOUN	украшение	decoration, ornament	yes	a colorful Christmas ornament hanging on a string
metalan	metalan	ADJ	металлический	metallic (adj.)	maybe	a shiny metal spoon
posuđe	posuđe	NOUN	посуда (кухонная)	dishes, crockery	yes	a stack of clean ceramic plates and bowls
ventilator	ventilator	NOUN	вентилятор	electric fan	yes	an electric desk fan with blades
poslastica	poslastica	NOUN	лакомство, десерт	dessert, treat	yes	a slice of sweet cake with cream on a plate
žitarica	žitarica	NOUN	злаки; хлопья	breakfast cereal	yes	a bowl of breakfast cereal with milk
toster	toster	NOUN	тостер	toaster	yes	a silver toaster with two slices of bread popping up
sunđer	sunđer	NOUN	губка	cleaning sponge	yes	a yellow kitchen cleaning sponge
veštački	vještački	ADJ	искусственный	artificial	maybe	a plastic artificial flower in a vase
zimski	zimski	ADJ	зимний	winter (adj.)	maybe	a snowy winter landscape with bare trees
zvučnik	zvučnik	NOUN	колонка, динамик	speaker	yes	a black portable Bluetooth speaker
vikendica	vikendica	NOUN	дача, загородный дом	country cottage	yes	a small wooden cottage in the countryside with a garden
selidba	selidba	NOUN	переезд	moving house	maybe	a moving truck and cardboard boxes outside a house
kuhinjski	kuhinjski	ADJ	кухонный	kitchen (adj.)	maybe	a wooden spoon and a spatula on a kitchen counter
poslužavnik	poslužavnik	NOUN	поднос	tray	yes	a round metal serving tray with cups
domaćinstvo	domaćinstvo	NOUN	домашнее хозяйство	household	maybe	a family household with cleaning supplies
kalup	kalup	NOUN	форма (для выпечки)	baking mold	yes	a round metal baking tin with a fluted edge
roletna	roletna	NOUN	рулонная штора, жалюзи	roller blind	yes	a white roller blind half-lowered over a window
klešta	klešta	NOUN	плоскогубцы, клещи	pliers	yes	red-handled pliers on a workbench
narudžbina	narudžbina	NOUN	заказ	order	maybe	a restaurant order slip beside a plate
nalepnica	naljepnica	NOUN	наклейка	sticker	yes	a colorful round sticker on a notebook
prskalica	prskalica	NOUN	разбрызгиватель	garden sprinkler	yes	a garden sprinkler spraying water on the grass
kecelja	kecelja	NOUN	фартук	apron	yes	a kitchen apron hanging on a hook
lampica	lampica	NOUN	лампочка, ночник	night light	yes	a small bedside night light glowing
otirač	otirač	NOUN	коврик у двери	doormat	yes	a coir doormat in front of a door
prekrivač	prekrivač	NOUN	покрывало	bedspread	yes	a colorful bedspread covering a bed
krevetac	krevetac	NOUN	детская кроватка	baby cot	yes	a white baby crib with a mobile
dekoracija	dekoracija	NOUN	декор, украшение	decoration	maybe	festive paper garlands and decorations
folija	folija	NOUN	фольга, плёнка	aluminum foil	yes	a roll of aluminum foil on a kitchen counter
higijena	higijena	NOUN	гигиена	hygiene	maybe	soap, a toothbrush and a towel on a bathroom shelf
trenerka	trenerka	NOUN	спортивный костюм	tracksuit	yes	a navy blue tracksuit with white stripes
deterdžent	deterdžent	NOUN	моющее средство, стиральный порошок	laundry detergent	yes	a box of laundry detergent powder with a scoop
stolnjak	stolnjak	NOUN	скатерть	tablecloth	yes	a white embroidered tablecloth on a dining table
cediljka	cediljka	NOUN	дуршлаг	colander	yes	a metal colander with round holes sitting in a bowl
rende	rende	NOUN	тёрка	grater	yes	a box grater with a block of cheese beside it
teglica	teglica	NOUN	баночка	small jar	yes	a small empty glass jar with a metal lid
pekač	pekač	NOUN	противень	baking tray	yes	a baking tray with golden roasted potatoes
valjak	valjak	NOUN	скалка; валик	rolling pin	yes	a wooden rolling pin on a floured board
termos	termos	NOUN	термос	thermos flask	yes	a stainless steel thermos flask with a cup lid
podmetač	podmetač	NOUN	подставка (под горячее, под чашку)	coaster	yes	a cork coaster under a steaming mug
aspirator	aspirator	NOUN	вытяжка	range hood	maybe	a kitchen range hood above a stove
friteza	friteza	NOUN	фритюрница	deep fryer	yes	a deep fryer basket with golden french fries
sokovnik	sokovnik	NOUN	соковыжималка	juicer	yes	a citrus juicer with halved oranges beside it
seckalica	seckalica	NOUN	измельчитель	food chopper	maybe	a hand-held food chopper with a blade and an onion
komoda	komoda	NOUN	комод	chest of drawers	yes	a wooden chest of drawers with four drawers against a wall
trosed	trosed	NOUN	трёхместный диван	three-seat sofa	yes	a three-seat sofa with cushions in a living room
dvosed	dvosed	NOUN	двухместный диван	two-seat sofa	yes	a two-seat loveseat sofa with cushions
tabure	tabure	NOUN	табурет	stool	yes	a simple wooden stool with four legs
vitrina	vitrina	NOUN	витрина, сервант	display cabinet	yes	a glass-fronted display cabinet holding dishes
regal	regal	NOUN	стеллаж	bookcase	yes	a wooden bookcase filled with books
garderober	garderober	NOUN	гардероб (шкаф)	wardrobe	yes	a tall wooden wardrobe with two doors
predsoblje	predsoblje	NOUN	прихожая	hallway	maybe	a small entry hallway with shoes and a coat rack by the door
vešalica	vešalica	NOUN	вешалка	coat stand	yes	a wooden coat stand with hooks and a coat hanging on it
prostirka	prostirka	NOUN	коврик, подстилка	doormat	yes	a woven doormat in front of a door
rasveta	rasvjeta	NOUN	освещение, светильники	lighting	maybe	a pendant lamp with a warm glow hanging from a ceiling
svećnjak	svijećnjak	NOUN	подсвечник	candlestick	yes	a brass candlestick holding a lit candle
saksija	saksija	NOUN	цветочный горшок	flowerpot	yes	a terracotta flowerpot with a green plant
ovlaživač	ovlaživač	NOUN	увлажнитель	humidifier	yes	a white humidifier emitting a fine mist
grejalica	grejalica	NOUN	обогреватель	space heater	yes	an electric space heater glowing orange in a room
enterijer	enterijer	NOUN	интерьер	interior design	maybe	a cozy living room interior with a sofa and a floor lamp
zidni	zidni	ADJ	настенный	wall-mounted	maybe	a wall-mounted clock on a plain white wall
podni	podni	ADJ	напольный	floor (standing)	maybe	a floor lamp standing beside an armchair
jastučnica	jastučnica	NOUN	наволочка	pillowcase	yes	a white pillowcase on a pillow
navlaka	navlaka	NOUN	чехол, наволочка	cover	maybe	a patterned duvet cover on a folded quilt
umivaonik	umivaonik	NOUN	раковина, умывальник	washbasin	yes	a white ceramic bathroom washbasin with a faucet
kozmetika	kozmetika	NOUN	косметика	cosmetics	yes	an array of lipstick, face cream jars and makeup
peglanje	peglanje	NOUN	глажка	ironing	yes	a shirt being ironed on an ironing board
sušilica	sušilica	NOUN	сушилка (для белья)	clothes drying rack	yes	a folding clothes drying rack with laundry hanging on it
štipaljka	štipaljka	NOUN	прищепка	clothes peg	yes	wooden clothes pegs clipped to a laundry line
baštenski	baštenski	ADJ	садовый	garden	maybe	a garden with a wooden bench and flowers
ležaljka	ležaljka	NOUN	шезлонг	sun lounger	yes	a striped sun lounger on a beach
suncobran	suncobran	NOUN	зонт от солнца	beach parasol	yes	a striped beach parasol open over sand
ljuljaška	ljuljaška	NOUN	качели	swing	yes	a playground swing with ropes hanging from a frame
kosilica	kosilica	NOUN	газонокосилка	lawn mower	yes	a red lawn mower cutting green grass
hranilica	hranilica	NOUN	кормушка	bird feeder	yes	a wooden bird feeder with birds eating seeds
girlanda	girlanda	NOUN	гирлянда	garland	yes	a colorful paper garland strung across a wall
ceger	ceger	NOUN	хозяйственная сумка, авоська	string shopping bag	yes	a mesh string shopping bag full of oranges
vijak	vijak	NOUN	винт, шуруп	screw	yes	a metal wood screw next to a screwdriver
sniženje	sniženje	NOUN	скидка, распродажа	discount sale	maybe	a red price tag with a percent sign on a shop shelf
odlaganje	odlaganje	NOUN	хранение (rješenja za odlaganje — системы хранения)	storage	maybe	neatly stacked boxes on shelves in a storage room
paravan	paravan	NOUN	ширма	folding screen	yes	a folding room screen with a floral pattern
garnitura	garnitura	NOUN	гарнитур; комплект мягкой мебели	furniture set	maybe	a matching sofa and armchair set in a living room
trpezarijski	trpezarijski	ADJ	обеденный, для столовой	dining	maybe	a wooden dining table with chairs set for a meal
cipelar	cipelar	NOUN	обувница	shoe rack	yes	a wooden shoe rack with pairs of shoes on it
čiviluk	čiviluk	NOUN	вешалка (с крючками)	coat rack	yes	a wall coat rack with hooks holding jackets
stalaža	stalaža	NOUN	стеллаж; подставка	shelving rack	yes	a metal storage shelving rack with boxes on it
ručka	ručka	NOUN	ручка (двери, ящика)	handle	yes	a brass door handle on a wooden door
kupatilski	kupatilski	ADJ	для ванной	bathroom	maybe	a bathroom with white tiles, a towel and a bathtub
tekstil	tekstil	NOUN	текстиль	textiles	yes	rolls of colorful woven fabric stacked together
ličan	ličan	ADJ	личный	personal	no	
dodatak	dodatak	NOUN	аксессуар; добавка	accessory	maybe	a set of fashion accessories: belt, watch and sunglasses
klupa	klupa	NOUN	скамейка	park bench	yes	a wooden park bench under a tree
otpadak	otpadak	NOUN	отходы, мусор (kanta za otpatke — мусорное ведро)	waste	maybe	a pile of trash bags and food scraps
četka	četka	NOUN	щётка (četka za toalet — ёршик)	scrub brush	yes	a wooden-handled scrub brush
držač	držač	NOUN	держатель	holder	maybe	a wall-mounted toothbrush holder with brushes
obloga	obloga	NOUN	покрытие, облицовка (podne obloge — напольные покрытия)	floor covering	maybe	a tiled floor covering with a geometric pattern
fiokar	fiokar	NOUN	комод с ящиками	small chest of drawers	yes	a small wooden chest of drawers with one open drawer
višenamenski	višenamjenski	ADJ	многофункциональный	multipurpose	no	
točak	točak	NOUN	колесо	wheel	yes	a bicycle wheel with a black rubber tire
točkić	točkić	NOUN	колёсико	caster wheel	yes	a small swivel caster wheel on a chair base
kada2	kada	NOUN	ванна	bathtub	yes	a white bathtub filled with water in a bathroom
dozator	dozator	NOUN	дозатор	soap dispenser	yes	a wall-mounted soap dispenser with a pump
viski	viski	NOUN	виски	whisky	yes	a glass of amber whisky with ice cubes
srednji	srednji	ADJ	средний	middle	no	
odrastao	odrastao	ADJ	взрослый	adult	maybe	an adult man walking beside a small child
sredstvo	sredstvo	NOUN	средство	cleaning product	maybe	a bottle of cleaning detergent with a spray nozzle
radni	radni	ADJ	рабочий (radni sto — письменный стол)	work	maybe	a tidy work desk with a laptop and papers
desert	desert	NOUN	десерт	dessert	yes	a slice of chocolate cake topped with berries on a plate
koktel	koktel	NOUN	коктейль	cocktail	yes	a colorful cocktail in a tall glass with a straw and lime
svež	svjež	ADJ	свежий	fresh	maybe	fresh green lettuce leaves with water droplets
file	file	NOUN	филе	fish fillet	yes	a raw fish fillet on a cutting board
prsa	prsa	NOUN	грудка (pileća prsa — куриная грудка)	chicken breast	yes	a raw boneless chicken breast on a cutting board
ručno	ručno	ADV	вручную (ručno rađen — ручной работы)	by hand	maybe	a wooden bowl being carved by hand
prirodan	prirodan	ADJ	натуральный, природный	natural	maybe	a fresh unprocessed apple beside a jar of honey
kikiriki	kikiriki	NOUN	арахис	peanuts	yes	a pile of roasted peanuts in their shells
laptop	laptop	NOUN	ноутбук	laptop	yes	an open silver laptop on a desk
leden	leden	ADJ	ледяной (ledeni čaj — холодный чай)	iced	maybe	a tall glass of iced tea with ice cubes and lemon
tost	tost	NOUN	тост	toast	yes	a golden toasted sandwich with melted cheese on a plate
čips	čips	NOUN	чипсы	potato chips	yes	a bag of potato chips spilling out
testo	tijesto	NOUN	тесто	dough	yes	a ball of pale bread dough on a floured table
mrlja	mrlja	NOUN	пятно	stain	yes	a red wine stain on a white tablecloth
servis	servis	NOUN	сервиз; сервис	tea set	yes	a porcelain tea set with a teapot and cups on a tray
stoni	stoni	ADJ	настольный	table	maybe	a desk lamp on a wooden table
pahuljica	pahuljica	NOUN	хлопья (pahuljice); снежинка	cereal flakes	maybe	a bowl of cornflakes with milk
suv	suv	ADJ	сухой (suvo voće — сухофрукты)	dry	maybe	dried apricots and dried figs in a bowl
krem	krem	NOUN	крем; сливки (krem za kuvanje)	cream	maybe	a jar of white face cream
krema	krema	NOUN	крем	custard cream	maybe	a slice of yellow custard cream pastry
kuvanje	kuvanje	NOUN	готовка, варка	cooking	maybe	a pot of soup boiling on a stove
mast	mast	NOUN	жир, смалец	lard	maybe	a jar of white lard with a spoon
konjak	konjak	NOUN	коньяк	cognac	yes	a glass snifter of amber cognac
tuširanje	tuširanje	NOUN	душ (процесс), принятие душа	shower	yes	a shower head with water falling in a bathroom
štapić	štapić	NOUN	палочка; соломка	stick	maybe	a thin wooden stick on a table
čokoladni	čokoladni	ADJ	шоколадный	chocolate	maybe	a chocolate cake with dark chocolate frosting
nega	njega	NOUN	уход (njega kose — уход за волосами)	hair care	maybe	a bottle of hair conditioner beside long brown hair
sastojak	sastojak	NOUN	ингредиент	ingredient	maybe	fresh tomato, garlic, basil and olive oil on a table
kakao	kakao	NOUN	какао	cocoa	yes	a cup of hot cocoa with cocoa powder beside it
brijanje	brijanje	NOUN	бритьё	shaving	yes	a razor and shaving foam on a bathroom sink
vrećica	vrećica	NOUN	пакетик	tea bag	yes	a tea bag with its string in a cup
žestok	žestok	ADJ	крепкий (žestoka pića — крепкие напитки)	strong spirit	maybe	a glass of clear strong spirit
klizanje	klizanje	NOUN	скольжение (protiv klizanja — противоскользящий)	sliding	maybe	a skater gliding on ice
kabl	kabl	NOUN	кабель, провод	cable	yes	a coiled black electrical cable
vlažan	vlažan	ADJ	влажный (vlažne maramice — влажные салфетки)	damp	maybe	damp cleaning wipes in a pack
smrznut	smrznut	ADJ	замороженный	frozen	yes	frozen peas in a bag covered with frost
losion	losion	NOUN	лосьон	body lotion	yes	a bottle of body lotion with a pump
dečji	dječji	ADJ	детский	children's	maybe	a colorful children's toy set
čokoladica	čokoladica	NOUN	шоколадный батончик	chocolate bar	yes	a chocolate bar broken into pieces
voćni	voćni	ADJ	фруктовый	fruit	maybe	a glass of fruit juice with sliced fruit
suđe	suđe	NOUN	посуда (грязная, для мытья)	dishes	yes	a pile of dirty dishes in a kitchen sink
prašak	prašak	NOUN	порошок (prašak za veš — стиральный порошок)	laundry powder	yes	a box of laundry detergent powder with a scoop
viršla	viršla	NOUN	сосиска	frankfurter sausage	yes	two grilled frankfurter sausages in buns
kancelarijski	kancelarijski	ADJ	офисный	office	maybe	an office desk with a stapler and paper clips
dezodorans	dezodorans	NOUN	дезодорант	deodorant	yes	a deodorant stick with its cap off
kreker	kreker	NOUN	крекер	cracker	yes	a stack of salted crackers on a plate
bilje	bilje	NOUN	травы, зелень; растения	herbs	yes	a bunch of fresh green herbs
kukuruzni	kukuruzni	ADJ	кукурузный	corn	maybe	a golden cornbread slice on a plate
semenka	sjemenka	NOUN	семечко, семя	sunflower seeds	yes	a pile of roasted sunflower seeds
papirni	papirni	ADJ	бумажный	paper	maybe	a roll of white paper towels
toaletni	toaletni	ADJ	туалетный (toaletni sto — туалетный столик)	dressing table	maybe	a dressing table with a mirror and makeup
maslinov	maslinov	ADJ	оливковый	olive	maybe	a dish of green olives drizzled with olive oil
potrepština	potrepština	NOUN	принадлежность (kućne potrepštine — товары для дома)	household supplies	maybe	household supplies: sponges, detergent and brushes
stalak	stalak	NOUN	подставка, стойка	stand	maybe	a wooden stand holding a tablet
mineralan	mineralan	ADJ	минеральный	mineral water	yes	a bottle of mineral water
brusnica	brusnica	NOUN	клюква	cranberry	yes	a bowl of fresh red cranberries
kravlji	kravlji	ADJ	коровий	cow's	maybe	a glass bottle of cow's milk
pregrada	pregrada	NOUN	перегородка	partition	maybe	a room with a wooden partition wall
kroasan	kroasan	NOUN	круассан	croissant	yes	a golden croissant on a plate
oceđivač	ocjeđivač	NOUN	сушилка для посуды	dish drying rack	yes	a dish drying rack with washed plates
pisaći	pisaći	ADJ	письменный (pisaći sto)	writing desk	maybe	a writing desk with a notebook and a pen
plišan	plišan	ADJ	плюшевый	plush	maybe	a soft plush teddy bear toy
noša	noša	NOUN	детский горшок	child's potty	yes	a small child's potty chair
abažur	abažur	NOUN	абажур	lampshade	yes	a fabric lampshade on a table lamp
dekorativan	dekorativan	ADJ	декоративный	decorative	maybe	a decorative ceramic vase with painted patterns
visilica	visilica	NOUN	подвесной светильник	pendant lamp	yes	a hanging pendant lamp over a dining table
plafonjera	plafonjera	NOUN	потолочный светильник	ceiling light	yes	a round ceiling light fixture glowing
ram	ram	NOUN	рамка (ramovi za slike — рамки для картин)	picture frame	yes	a wooden picture frame with a painting
garnišna	garnišna	NOUN	карниз (для штор)	curtain rod	yes	a curtain rod with curtains hanging from it
ukrasan	ukrasan	ADJ	декоративный, украшающий	decorative	maybe	a decorative garland of paper flowers
ovčji	ovčji	ADJ	овечий	sheep's	maybe	a sheepskin rug on a wooden floor
mesečni	mjesečni	ADJ	ежемесячный	monthly	no	
novitet	novitet	NOUN	новинка	new product	maybe	a new product on a shop shelf with a NEW label
orašast	orašast	ADJ	ореховый (orašasti plodovi — орехи)	nutty	maybe	a bowl of mixed nuts
začinski	začinski	ADJ	пряный (začinsko bilje — пряные травы)	spicy	maybe	a spice rack with dried herbs and spice jars
ćuretina	ćuretina	NOUN	индейка (мясо)	turkey meat	yes	a sliced turkey breast on a cutting board
juneći	juneći	ADJ	говяжий (из молодой говядины)	beef	yes	a raw beef steak on a cutting board
teleći	teleći	ADJ	телячий	veal	yes	a pale veal cutlet on a plate
pečenica	pečenica	NOUN	копчёная корейка	smoked pork loin	yes	a smoked pork loin with a dark crust on a board
buđola	buđola	NOUN	буджола (вяленая свиная шейка)	dry-cured pork neck	maybe	dry-cured pork neck sliced on a wooden board
čvarak	čvarak	NOUN	шкварка	cracklings	yes	a bowl of crispy golden pork cracklings
pašteta	pašteta	NOUN	паштет	pate	yes	a slice of pate spread on bread
narezak	narezak	NOUN	нарезка	cold cuts platter	yes	a platter of sliced cold cuts and cheese
konzerviran	konzerviran	ADJ	консервированный	canned	yes	a stack of canned food tins
mlečni	mliječni	ADJ	молочный	dairy	maybe	milk, yogurt and cheese on a table
topljen	topljen	ADJ	плавленый (topljeni sir)	processed cheese	maybe	a block of processed cheese in foil
sirni	sirni	ADJ	сырный	cheese	maybe	a platter of different cheeses
kefir	kefir	NOUN	кефир	kefir	yes	a glass of kefir with a bottle beside it
surutka	surutka	NOUN	сыворотка	whey	maybe	a glass jug of pale whey
margarin	margarin	NOUN	маргарин	margarine	yes	a block of yellow margarine in its wrapper
biljni	biljni	ADJ	растительный	plant-based	maybe	a glass bottle of plant oil
namaz	namaz	NOUN	паста для бутерброда, спред	spread	maybe	a jar of chocolate hazelnut spread with a knife
mikrotalasna	mikrotalasna	NOUN	микроволновка	microwave oven	yes	a microwave oven with its door open and a plate inside
kvasac	kvasac	NOUN	дрожжи	yeast	yes	a cube of fresh yeast on a wooden spoon
pšeničan	pšeničan	ADJ	пшеничный	wheat	maybe	golden wheat ears in a field
suncokretov	suncokretov	ADJ	подсолнечный	sunflower oil	maybe	a bottle of sunflower oil beside sunflowers
mleven	mljeven	ADJ	молотый	ground	maybe	a pile of freshly ground coffee powder
osnovni	osnovni	ADJ	основной	basic	no	
ovsen	ovsen	ADJ	овсяный	oat	maybe	a bowl of oat flakes
kašica	kašica	NOUN	пюре (детское), кашка	baby puree	yes	a bowl of smooth baby food puree with a spoon
gaziran	gaziran	ADJ	газированный	sparkling	maybe	a glass of sparkling soda with bubbles
negaziran	negaziran	ADJ	негазированный	still water	maybe	a glass bottle of still water
alkoholni	alkoholni	ADJ	алкогольный	alcoholic	maybe	a bottle and a glass of alcoholic beverage
penušav	pjenušav	ADJ	игристый	sparkling wine	maybe	a bottle of sparkling wine being poured with bubbles
napolitanka	napolitanka	NOUN	вафля	wafer	yes	a stack of chocolate-filled wafers
žvaka	žvaka	NOUN	жвачка	chewing gum	yes	a piece of chewing gum with its wrapper
bombonjera	bombonjera	NOUN	коробка конфет	box of chocolates	yes	a heart-shaped box of chocolates with a ribbon
kokice	kokice	NOUN	попкорн	popcorn	yes	a bowl of buttered popcorn
uložak	uložak	NOUN	прокладка; вкладыш	insole	maybe	a shoe insole in a sneaker
vata	vata	NOUN	вата	cotton wool	yes	a fluffy ball of white cotton wool
omekšivač	omekšivač	NOUN	кондиционер для белья	fabric softener	yes	a bottle of laundry fabric softener
ubrus	ubrus	NOUN	бумажное полотенце	paper towel	yes	a roll of white paper kitchen towel
džoger	džoger	NOUN	швабра	mop	yes	a string mop with a wooden handle in a bucket
sezonski	sezonski	ADJ	сезонный (sezonsko voće — сезонные фрукты)	seasonal	maybe	a basket of seasonal autumn fruits
dimljen	dimljen	ADJ	копчёный (dimljena šunka — копчёная ветчина)	smoked	yes	smoked ham slices with a dark brown crust on a board
mrljav	mrljav	ADJ	пятнистый, в пятнах	stained	maybe	a shirt with dirt stains on the fabric
šlag	šlag	NOUN	взбитые сливки	whipped cream	yes	a dollop of whipped cream on a dessert
škamp	škamp	NOUN	креветка (škampi — креветки)	prawn	yes	cooked pink prawns on a plate
sardina	sardina	NOUN	сардина	sardine	yes	a tin of sardines in oil
kokos	kokos	NOUN	кокос	coconut	yes	a halved coconut with white flesh
tuna	tuna	NOUN	тунец	tuna	yes	a fresh tuna steak on a board
majonez	majonez	NOUN	майонез	mayonnaise	yes	a jar of mayonnaise with a spoon
brokoli	brokoli	NOUN	брокколи	broccoli	yes	a head of fresh green broccoli
teletina	teletina	NOUN	телятина	veal	yes	a raw veal cutlet on a plate
lešnik	lešnik	NOUN	фундук, лесной орех	hazelnut	yes	a handful of hazelnuts in their shells
badem	badem	NOUN	миндаль	almond	yes	a pile of almonds
pistać	pistać	NOUN	фисташка (pistaći — фисташки)	pistachio	yes	a bowl of shelled pistachio nuts
kesten	kesten	NOUN	каштан	chestnut	yes	roasted chestnuts in their shells
pinjol	pinjol	NOUN	кедровый орешек (pinjoli)	pine nut	yes	a small pile of pine nuts
suncokret	suncokret	NOUN	подсолнух (semenke suncokreta — семечки)	sunflower	yes	a bright yellow sunflower in a field
susam	susam	NOUN	кунжут	sesame	yes	a pile of white sesame seeds in a bowl
urma	urma	NOUN	финик	date	yes	a bowl of dates
grožđica	grožđica	NOUN	изюминка (grožđice — изюм)	raisin	yes	a pile of dark raisins
karfiol	karfiol	NOUN	цветная капуста	cauliflower	yes	a whole white cauliflower head
prokelj	prokelj	NOUN	брюссельская капуста	Brussels sprouts	yes	a stalk of green Brussels sprouts
keleraba	keleraba	NOUN	кольраби	kohlrabi	yes	a green kohlrabi bulb with its leaves
cvekla	cvekla	NOUN	свёкла	beetroot	yes	a dark purple beetroot with leaves
rotkvica	rotkvica	NOUN	редиска	radish	yes	red radishes with green leaves
rotkva	rotkva	NOUN	редька	black radish	yes	a black radish with rough dark skin
paštrnak	paštrnak	NOUN	пастернак	parsnip	yes	a pale parsnip root on a board
ren	ren	NOUN	хрен	horseradish	yes	a grated horseradish root
tikva	tikva	NOUN	тыква	pumpkin	yes	a large orange pumpkin
blitva	blitva	NOUN	мангольд, листовая свёкла	chard	yes	a bunch of green chard with red stems
rukola	rukola	NOUN	руккола	arugula	yes	a bunch of fresh arugula leaves
praziluk	praziluk	NOUN	лук-порей	leek	yes	a fresh leek with a white stem and green leaves
boranija	boranija	NOUN	стручковая фасоль	green beans	yes	a bowl of fresh green beans
slanutak	slanutak	NOUN	нут	chickpeas	yes	a bowl of cooked chickpeas
artičoka	artičoka	NOUN	артишок	artichoke	yes	a green artichoke on a plate
špargla	špargla	NOUN	спаржа	asparagus	yes	a bundle of green asparagus spears
feferon	feferon	NOUN	острый перчик	hot chili pepper	yes	a red hot chili pepper
peršun	peršun	NOUN	петрушка	parsley	yes	a sprig of fresh curly parsley
mirođija	mirođija	NOUN	укроп	dill	yes	a sprig of fresh dill
bosiljak	bosiljak	NOUN	базилик	basil	yes	a bunch of fresh basil leaves
nana	nana	NOUN	мята	mint	yes	fresh mint leaves on a stem
vlašac	vlašac	NOUN	зелёный лук, шнитт-лук	chives	yes	a bunch of green chives
origano	origano	NOUN	орегано	oregano	yes	a sprig of oregano on a board
ruzmarin	ruzmarin	NOUN	розмарин	rosemary	yes	a sprig of fresh rosemary
lovor	lovor	NOUN	лавр (lovorov list — лавровый лист)	bay leaves	yes	dried bay leaves on a wooden board
kapar	kapar	NOUN	каперсы	capers	yes	a jar of capers in brine
kifla	kifla	NOUN	рогалик, булочка	bread roll	yes	a golden crescent bread roll
burek	burek	NOUN	бурек (слоёный пирог)	burek pie	yes	a slice of golden flaky burek pastry
tunjevina	tunjevina	NOUN	тунец (консервы, мясо)	canned tuna	yes	a tin of tuna chunks in oil
viola	viola	NOUN	альт (инструмент)	viola	yes	a viola string instrument resting on a wooden stand, bow beside it
violončelo	violončelo	NOUN	виолончель	cello	yes	a cello standing upright with a bow, a musician seated playing it
kontrabas	kontrabas	NOUN	контрабас	double bass	yes	a tall double bass standing upright, a musician playing it
trombon	trombon	NOUN	тромбон	trombone	yes	a shiny brass slide trombone on a plain background
frula	frula	NOUN	свирель, дудочка	shepherd's flute	yes	a simple wooden end-blown shepherd's flute lying on a surface
gusle	gusle	NOUN	гусле (однострунный смычковый инструмент)	gusle	yes	a single-string Balkan bowed instrument with a horsehair bow
tamburica	tamburica	NOUN	тамбурица	tamburitza lute	yes	a pear-shaped Balkan tamburitza lute with a long neck and frets
mandolina	mandolina	NOUN	мандолина	mandolin	yes	a mandolin with a pear-shaped body and curved neck
sintisajzer	sintisajzer	NOUN	синтезатор	synthesizer	yes	an electronic synthesizer keyboard with knobs and sliders
klavijatura	klavijatura	NOUN	клавиатура, клавиши	keyboard (piano keys)	maybe	a row of piano keys on a musical keyboard instrument
gudalo	gudalo	NOUN	смычок	violin bow	yes	a violin bow with taut horsehair lying diagonally
žica	žica	NOUN	струна; проволока	string	maybe	a single taut guitar string stretched across a plain background
partitura	partitura	NOUN	партитура, ноты	musical score	yes	an open sheet music score with staves and notes on a stand
metronom	metronom	NOUN	метроном	metronome	yes	a wooden pyramid metronome with a swinging pendulum
horovođa	horovođa	NOUN	хормейстер	choir conductor	yes	a choir director with raised baton in front of a small singing choir
bend	bend	NOUN	группа (музыкальная)	music band	yes	a band of musicians playing guitar, drums and keyboard together
pevač	pjevač	NOUN	певец	singer	yes	a male singer performing on stage holding a microphone
takt	takt	NOUN	такт	musical bar	maybe	a music staff with a bar line and time signature
proba	proba	NOUN	репетиция; проба	rehearsal	maybe	musicians rehearsing together in a practice room with their instruments
svirati	svirati	VERB	играть (на инструменте)	to play (an instrument)	yes	a person playing a guitar, fingers on the strings
udaraljke	udaraljke	NOUN	ударные (инструменты)	percussion instruments	yes	a drum kit and percussion instruments such as tambourine and bongos
činela	činela	NOUN	тарелка (ударный инструмент)	cymbal	yes	a pair of shiny brass cymbals on a drum stand
ksilofon	ksilofon	NOUN	ксилофон	xylophone	yes	a wooden xylophone with coloured bars and two mallets
orgulje	orgulje	NOUN	орган (инструмент)	pipe organ	yes	a large pipe organ with tall metal pipes and keyboards
slikati	slikati	VERB	рисовать (красками); фотографировать	to paint	maybe	a person painting a canvas with a brush at an easel
crtati	crtati	VERB	рисовать (карандашом), чертить	to draw (with a pencil)	yes	a person sketching with a pencil on paper
bojica	bojica	NOUN	цветной карандаш, мелок	coloured pencil	yes	a set of coloured pencils with sharpened tips
flomaster	flomaster	NOUN	фломастер	felt-tip marker	yes	a felt-tip marker pen with its cap beside it
kist	kist	NOUN	кисть (художника)	paintbrush	yes	an artist's paintbrush with a wooden handle and bristles
akvarel	akvarel	NOUN	акварель	watercolour paint	yes	a watercolour paint pan with a brush and soft washes of colour
tempera	tempera	NOUN	гуашь, темпера	gouache paint	yes	tubes of gouache paint with a brush
štafelaj	štafelaj	NOUN	мольберт	easel	yes	a wooden artist's easel holding a blank canvas
paleta	paleta	NOUN	палитра; поддон	artist's palette	yes	a wooden painter's palette with dabs of paint and a brush
gumica	gumica	NOUN	ластик; резинка	eraser	yes	a pink rubber eraser next to a pencil
lenjir	lenjir	NOUN	линейка	ruler	yes	a wooden ruler lying flat with centimetre markings
ugljen	ugljen	NOUN	уголь	charcoal	maybe	sticks of black drawing charcoal on a sketchbook page
plastelin	plastelin	NOUN	пластилин	plasticine	yes	colourful plasticine clay blocks and a small sculpted figure
galerija	galerija	NOUN	галерея	art gallery	yes	an art gallery room with framed paintings on white walls
izložba	izložba	NOUN	выставка	art exhibition	yes	visitors looking at paintings in an art exhibition hall
pejzaž	pejzaž	NOUN	пейзаж	landscape painting	yes	a painting of a mountain and sea landscape on an easel
vajar	vajar	NOUN	скульптор	sculptor	yes	a sculptor shaping a clay bust with a tool in a studio
keramika	keramika	NOUN	керамика	ceramics	yes	glazed ceramic pottery vases and bowls on a shelf
grnčarija	grnčarija	NOUN	гончарные изделия, гончарство	pottery	yes	a potter's wheel with a clay vessel being shaped
šivenje	šivenje	NOUN	шитьё	sewing	yes	a person sewing fabric with a needle and thread on a sewing machine
sašiti	sašiti	VERB	сшить, пришить	to sew	yes	a person sewing a button onto a shirt with a needle and thread
konac	konac	NOUN	нитка	thread	yes	a spool of coloured sewing thread with a needle
naprstak	naprstak	NOUN	напёрсток	thimble	yes	a metal sewing thimble on a fingertip
pribadača	pribadača	NOUN	булавка	pin	yes	a few straight sewing pins with coloured heads on fabric
krojačica	krojačica	NOUN	портниха	seamstress	yes	a seamstress with a measuring tape around her neck cutting fabric
krojiti	krojiti	VERB	кроить	to cut out (fabric)	yes	a tailor cutting fabric along a paper pattern with scissors
kroj	kroj	NOUN	покрой, выкройка	sewing pattern	maybe	a paper sewing pattern lying on fabric
čipka	čipka	NOUN	кружево	lace	yes	a piece of white lace fabric with an openwork pattern
vez	vez	NOUN	вышивка	embroidery	yes	an embroidery hoop with colourful floral stitching on linen
vesti	vesti	VERB	вышивать	to embroider	yes	a person embroidering flowers on fabric in an embroidery hoop
krpiti	krpiti	VERB	штопать, латать	to darn, to mend	yes	a person mending a sock with a darning needle and thread
zakrpa	zakrpa	NOUN	заплатка	patch	yes	a colourful fabric patch sewn onto a pair of jeans
rub	rub	NOUN	край, кромка	edge, hem	maybe	the edge of a piece of fabric with a neat hem
kragna	kragna	NOUN	воротник	collar	yes	a shirt with a collar, close-up
plesti	plesti	VERB	вязать (спицами); плести	to knit, to braid	yes	a person knitting with two needles and yarn
pletenje	pletenje	NOUN	вязание	knitting	yes	knitting needles and a ball of yarn beside a half-knitted scarf
štrikati	štrikati	VERB	вязать (спицами, разг.)	to knit	yes	a person knitting a sweater with long needles
heklati	heklati	VERB	вязать крючком	to crochet	yes	a person crocheting with a hook and yarn
kukica	kukica	NOUN	крючок (вязальный)	crochet hook	yes	a metal crochet hook with a yarn loop
klupko	klupko	NOUN	клубок	ball of yarn	yes	a ball of colourful wool yarn
pređa	pređa	NOUN	пряжа	yarn	yes	skeins of colourful spun wool yarn
pletivo	pletivo	NOUN	вязанье (то, что вяжут)	knitted item	maybe	a knitted sweater lying flat
očica	očica	NOUN	петля (в вязании)	stitch (in knitting)	maybe	a close-up of knitted stitches on needles
tkati	tkati	VERB	ткать	to weave	yes	a person weaving fabric on a loom
razboj	razboj	NOUN	ткацкий станок	loom	yes	a wooden hand loom with threads stretched and a half-woven cloth
fotoaparat	fotoaparat	NOUN	фотоаппарат	camera	yes	a vintage camera with a lens
pecanje	pecanje	NOUN	рыбалка (с удочкой)	fishing (with a rod)	yes	a person fishing from a rocky shore with a rod
pecati	pecati	VERB	удить рыбу	to fish	yes	a person casting a fishing line from a riverbank
štap	štap	NOUN	палка; удочка (štap za pecanje)	fishing rod	yes	a fishing rod with a reel and line lying on a wooden dock
mamac	mamac	NOUN	приманка, наживка	bait, lure	yes	a fishing lure and a hook on a wooden table
planinarenje	planinarenje	NOUN	поход в горы	mountain hiking	yes	hikers walking a mountain trail with backpacks
planinar	planinar	NOUN	альпинист, турист (в горах)	mountain hiker	yes	a hiker with a backpack and walking pole on a mountain ridge
ruksak	ruksak	NOUN	рюкзак	backpack	yes	a hiking backpack with straps
kamp	kamp	NOUN	кемпинг	campsite	yes	a campsite with a tent and a campfire
kampovanje	kampovanje	NOUN	отдых в палатке	camping	yes	a small tent in a forest clearing next to a campfire
baštovanstvo	baštovanstvo	NOUN	садоводство	gardening	yes	a person gardening with a spade and watering can among plants
markica	markica	NOUN	марка (почтовая)	postage stamp	yes	a postage stamp with a small picture and perforated edge
origami	origami	NOUN	оригами	origami	yes	a folded paper crane origami on a table
biciklizam	biciklizam	NOUN	велоспорт	cycling	yes	a cyclist riding a road bicycle on a path
skija	skija	NOUN	лыжа	ski	yes	a pair of skis standing upright in snow
klizaljka	klizaljka	NOUN	конёк (ботинок)	ice skate	yes	a white ice skate with a metal blade
peraja	peraja	NOUN	ласт; плавник	swim fins	yes	a pair of rubber swim fins on a sandy beach
plivanje	plivanje	NOUN	плавание	swimming	yes	a swimmer doing front crawl in a pool
ronjenje	ronjenje	NOUN	ныряние, дайвинг	scuba diving	yes	a scuba diver underwater with an air tank and mask
joga	joga	NOUN	йога	yoga	yes	a person doing a yoga pose on a mat
čitanje	čitanje	NOUN	чтение	reading	yes	a person reading a book in an armchair
dnevnik	dnevnik	NOUN	дневник; новости (по ТВ)	diary	maybe	a closed leather diary with a pen on a desk
vrištati	vrištati	VERB	визжать, кричать пронзительно	to scream	yes	a person screaming with mouth wide open
vrisnuti	vrisnuti	VERB	взвизгнуть, вскрикнуть	to shriek	yes	a person letting out a sudden shriek with mouth open
vrisak	vrisak	NOUN	визг, пронзительный крик	shriek	yes	a person with mouth wide open, shrieking
viknuti	viknuti	VERB	крикнуть	to shout	yes	a person shouting with hands cupped around mouth
krik	krik	NOUN	крик	shout, cry	yes	a person with mouth open in a loud shout
uzviknuti	uzviknuti	VERB	воскликнуть	to exclaim	maybe	a person raising a hand and exclaiming with a surprised face
uzvikivati	uzvikivati	VERB	восклицать	to exclaim (repeatedly)	maybe	a person repeatedly exclaiming with a raised hand
uzvik	uzvik	NOUN	возглас, восклицание	exclamation	no	
cviliti	cviliti	VERB	пищать, скулить	to whine	maybe	a child whining with a sad face
pištati	pištati	VERB	пищать (о приборе); свистеть	to whistle (of a device)	maybe	a kettle with steam rising, whistling
cičati	cičati	VERB	визжать (о поросёнке, ребёнке)	to squeal	maybe	a small piglet squealing with mouth open
