rank	lemma	pos	freq	forms	sentences	gloss
154	nikad	ADV	201859	1	29	никогда
189	voleti	VERB	165031	109	202	любить
193	život	NOUN	163388	15	40	жизнь
211	odmah	ADV	144494	2	1	сразу, немедленно, тотчас
250	postojati	VERB	118161	29	23	быть, существовать
269	dovoljan	ADJ	110736	191	12	достаточный
288	ovamo	ADV	102297	1	0	сюда
294	način	NOUN	99429	15	3	способ, приём; образ действия
339	isti	ADJ	85845	63	4	такой же, одинаковый
350	čuti	VERB	83365	109	13	слышать; чуять, чувствовать запах
422	deo	NOUN	68712	28	5	часть; доля
423	broj	NOUN	68561	15	11	число; грам. числительное
428	dol	NOUN	67407	16	1	долина
437	mrtav	ADJ	65796	194	8	мёртвый
438	priča	NOUN	65261	15	11	сербская фамилия
446	ipak	ADV	63396	1	1	всё же, всё-таки, однако
448	nov	ADJ	62846	191	53	новый
455	prijatelj	NOUN	61752	15	61	друг
458	dobiti	VERB	61459	102	6	получить, приобрести; выиграть
473	pitanje	NOUN	57899	15	34	вопрос
484	pitati	VERB	57194	102	17	спрашивать
540	pričati	VERB	51617	102	32	говорить, разговаривать, беседовать; рассказывать, повествовать
542	između	ADV	51420	2	12	между
573	pored	ADV	48331	2	2	возле, рядом, у; наряду с
587	gledati	VERB	47519	102	38	смотреть; присматривать
609	negde	ADV	45995	2	3	где-то, где-либо
649	brod	NOUN	41673	15	12	корабль
660	reč	NOUN	40979	30	22	слово
667	vagati	VERB	40117	112	0	взвешивать
683	soba	NOUN	39172	15	32	комната
721	tražiti	VERB	36475	102	24	искать
825	napred	ADV	31949	2	0	вперёд
836	otvor	NOUN	31316	15	0	отверстие
857	kim	NOUN	30024	16	3	тмин
858	večera	NOUN	29979	15	8	ужин
882	zanimati	VERB	28953	109	0	интересовать
894	odgovor	NOUN	28392	16	14	ответ
915	savršen	ADJ	27530	191	2	совершенный
938	pronaći	VERB	26915	96	9	найти, отыскать (после поисков); изобрести, открыть
957	trenutan	ADJ	26516	191	2	текущий
959	čest	ADJ	26448	191	30	частый
975	postati	VERB	26049	130	6	стать, возникнуть
998	društvo	NOUN	25356	15	1	общество
1029	hrana	NOUN	24594	15	17	еда
1042	šteta	NOUN	24211	15	1	вред, ущерб
1048	kralj	NOUN	23820	15	3	король; шахм. король
1050	pogrešan	ADJ	23799	264	5	ошибочный; неправильный
1055	osećaj	NOUN	23661	30	2	чувство, эмоция
1094	pas	NOUN	22639	38	64	зоол. собака
1104	rođendan	NOUN	22292	15	10	день рождения
1111	svuda	ADV	22206	1	0	везде, всюду, повсюду
1131	leđa	NOUN	21775	8	0	анат. спина
1153	nestati	VERB	21153	41	1	исчезнуть, пропасть
1160	muškarac	NOUN	21031	14	11	мужчина, муж
1162	pažnja	NOUN	20983	15	1	внимание
1163	ujutro	ADV	20943	1	2	утром
1178	mozak	NOUN	20697	14	0	анат. мозг
1181	policajac	NOUN	20600	26	0	полицейский
1182	vratilo	NOUN	20540	15	1	спорт. турник; перекладина
1186	beba	NOUN	20505	15	0	сербская фамилия
1212	guba	NOUN	19976	15	3	мед. лепра; проказа
1215	slobodan	ADJ	19933	191	9	свободный
1253	avion	NOUN	19377	15	10	самолёт
1272	apsolutan	ADJ	19074	191	1	абсолютный, полный
1279	budućnost	NOUN	18879	15	3	будущее
1286	kurac	NOUN	18751	14	0	обсц. хуй
1332	većina	NOUN	18107	15	1	большинство
1365	duh	NOUN	17614	21	3	душа; внутренняя сила, мужество, настроение
1372	početak	NOUN	17527	21	5	начало
1401	korak	NOUN	17144	15	1	шаг
1417	odgovarati	VERB	16961	102	5	отвечать
1421	dole	ADV	16931	2	1	вниз; внизу
1427	prozor	NOUN	16816	15	19	окно
1441	ćerka	NOUN	16700	16	9	дочь
1442	mlad	ADJ	16698	191	17	молодой
1446	odlučiti	VERB	16656	102	9	решить, принять решение
1484	oduvek	ADV	16030	2	0	издавна, испокон веков (испокон века)
1524	budala	NOUN	15574	15	3	глупец, дурак
1528	dečak	NOUN	15479	58	13	мальчик
1532	doba	NOUN	15419	30	3	пора, время; эпоха, эра
1554	fin	ADJ	15159	191	0	тонкий, изящный
1572	zanimljiv	ADJ	14992	191	3	интересный; занимательный
1618	obitelj	NOUN	14504	15	0	семья
1624	kos	NOUN	14470	74	6	косой
1655	vlada	NOUN	14133	15	1	правительство
1656	sumnjati	VERB	14130	102	2	сомневаться
1692	plašiti	VERB	13787	102	22	пугать
1705	sreća	NOUN	13662	15	7	счастье
1719	seksi	ADJ	13565	132	0	сексуальный
1758	boja	NOUN	13249	15	8	краска (вещество)
1766	gladan	ADJ	13174	191	12	голодный
1794	pakao	NOUN	12925	20	1	ад, преисподняя
1813	predsednik	NOUN	12777	30	1	председатель; президент
1825	zid	NOUN	12679	16	8	архит. стена
1894	putovanje	NOUN	12188	15	2	поездка; путешествие
1897	doručak	NOUN	12171	15	4	завтрак
1911	pamet	NOUN	12089	15	0	ум, разум
1949	očekivati	VERB	11841	118	3	ожидать
1991	kamion	NOUN	11592	15	1	грузовой автомобиль, грузовик
2015	sumnja	NOUN	11431	16	1	сомнение
2022	bob	NOUN	11398	23	4	зимний вид спорта, скоростной спуск на санках специальной аэродинамической конструкции
2050	kraljica	NOUN	11209	15	1	королева; шахм. ферзь, королева
2056	baka	NOUN	11172	15	2	уменьш.-ласк. бабушка, бабуля (родственница); уменьш.-ласк. бабушка, бабуля (старая женщина)
2063	pozdrav	NOUN	11127	15	0	привет
2082	objasniti	VERB	11049	102	6	объяснять
2110	koristiti	VERB	10882	102	15	использовать, пользоваться, применять; быть полезным, приносить пользу, идти на пользу
2142	mogućnost	NOUN	10737	15	2	возможность
2154	okrenuti	VERB	10660	102	0	повернуть, поворотить, развернуть; изменить (направление, тему разговора)
2165	pošten	ADJ	10576	191	0	разг. порядочный, честный; достойный уважения
2166	odgovornost	NOUN	10575	15	1	ответственность
2198	engleski	ADJ	10362	184	48	английский
2199	zahvaljivati	ADV	10362	102	0	благодарить
2232	vlasnik	NOUN	10207	15	4	владелец
2280	ponosan	ADJ	9914	191	2	гордый
2284	bora	NOUN	9905	15	0	морщина
2304	nalog	NOUN	9800	14	0	инструкция, руководство, приказ
2312	predstava	NOUN	9740	15	0	спектакль
2316	komad	NOUN	9724	15	4	сербская фамилия
2326	zgrada	NOUN	9664	15	5	здание, строение
2337	rupa	NOUN	9632	15	2	дыра, нора
2352	ćutati	VERB	9555	29	1	молчать
2365	dar	NOUN	9476	24	1	подарок; дарование
2371	vojnik	NOUN	9454	15	2	солдат
2375	izvor	NOUN	9440	15	4	источник, родник, ключ
2379	pojava	NOUN	9431	15	0	феномен, явление
2395	poštovanje	NOUN	9369	15	0	уважение, почтение; почёт
2448	neprijatelj	NOUN	9130	15	6	враг
2462	ulog	NOUN	9057	14	3	вклад (денежные средства, которые организации или отдельные лица хранят в финансовом учреждении); депозит
2469	ponašanje	NOUN	9037	15	0	поведение
2507	šuma	NOUN	8921	15	3	лес
2527	ponuda	NOUN	8843	15	0	предложение; ставка
2552	lov	NOUN	8752	16	1	охота
2560	lopta	NOUN	8725	16	3	геометр. шар
2561	ortak	NOUN	8722	15	0	компаньон; пайщик, партнёр
2680	kći	NOUN	8334	15	0	дочь
2697	prijatan	ADJ	8276	191	2	приятный
2711	poljubac	NOUN	8215	15	1	поцелуй
2728	slati	VERB	8163	102	1	посылать, отправлять, направлять
2729	veštica	NOUN	8160	30	0	ведьма, колдунья
2736	crven	ADJ	8119	191	23	красный
2740	prst	NOUN	8113	15	4	анат. палец
2771	promena	NOUN	8001	30	1	изменение
2822	piće	NOUN	7794	15	4	напиток
2865	stvoriti	VERB	7655	102	4	создать
2897	jučer	ADV	7554	1	0	вчера
2901	šešir	NOUN	7529	15	15	шляпа
2902	nada	NOUN	7527	29	6	надежда
2923	američki	ADJ	7468	184	2	американский
2988	ljudski	ADJ	7315	184	1	человеческий
3002	sladoled	NOUN	7276	15	2	кулин. мороженое
3012	biće	NOUN	7241	15	4	живое существо
3032	zahvalan	ADJ	7204	191	3	благодарный
3051	mirisati	VERB	7155	102	1	нюхать
3061	uzimati	VERB	7124	109	5	брать
3103	planina	NOUN	7038	15	6	гора
3147	podrška	NOUN	6936	20	0	поддержка
3172	peta	NOUN	6884	15	3	:Шаблон:Приставка в системе СИ, означающая 10 в 15 степени; Квадриллион
3176	poljubiti	VERB	6874	102	7	поцеловать
3274	mačak	NOUN	6656	14	47	кот
3288	vredan	ADJ	6625	382	0	ценный; прилежный
3296	zdravlje	NOUN	6601	15	4	здоровье
3321	brzina	NOUN	6551	15	2	скорость
3349	svemir	NOUN	6500	15	1	космос
3407	kaput	NOUN	6366	15	0	пиджак; пальто
3446	skup	ADJ	6292	207	8	дорогой, дорогостоящий
3450	interesantan	ADJ	6285	191	9	интересный; занимательный
3504	glad	NOUN	6186	15	3	голод
3523	kukavica	NOUN	6131	15	0	зоол. кукушка; перен., разг. трус; трусиха
3529	ljubomoran	ADJ	6120	191	1	ревнивый
3542	stizati	VERB	6105	102	6	прибывать, приезжать; достигать
3557	smatrati	VERB	6076	102	1	полагать, считать
3565	budan	ADJ	6065	191	0	сербская фамилия
3567	teren	NOUN	6064	15	0	почва, земля, грунт; местность, участок, территория
3594	sprat	NOUN	6024	16	2	этаж
3623	uređaj	NOUN	5968	15	0	приспособление, устройство
3636	plaćati	VERB	5952	102	2	платить
3638	puška	NOUN	5950	20	0	воен. винтовка
3668	kat	NOUN	5905	16	0	этаж
3750	sveštenik	NOUN	5758	15	1	священник
3764	šampanjac	NOUN	5736	14	0	шампанское
3772	ravan	ADJ	5725	191	0	плоский, ровный
3784	osmeh	NOUN	5702	42	0	улыбка
3792	suprotan	ADJ	5687	191	0	противоположный; противолежащий
3801	zahvalnost	NOUN	5676	15	1	благодарность
3824	prezime	NOUN	5636	15	2	фамилия
3869	poverenje	NOUN	5559	30	1	доверие
3877	umetnost	NOUN	5553	30	9	искусство
3908	alarm	NOUN	5500	15	0	тревога
3930	stolica	NOUN	5456	14	7	стул; мед. стул
3951	najzad	ADV	5427	1	0	наконец, в конце концов, напоследок
3955	nedeljni	ADJ	5415	120	3	еженедельный
3987	lista	NOUN	5379	15	1	перечень, список
4005	usna	NOUN	5354	18	1	анат. губа
4014	naterati	VERB	5344	204	0	заставить
4028	prazan	ADJ	5325	191	12	пустой, порожний
4043	obala	NOUN	5306	15	0	берег
4054	prijateljstvo	NOUN	5289	15	2	дружба
4080	leš	NOUN	5250	16	0	труп; падаль
4100	bes	NOUN	5214	28	0	бешенство, гнев, ярость
4113	uvreda	NOUN	5189	15	0	оскорбление, обида; юр. оскорбление (как правонарушение)
4137	vila	NOUN	5159	15	0	сербская фамилия
4158	upasti	VERB	5130	29	1	напасть
4205	plav	ADJ	5071	191	25	синий, голубой
4207	top	NOUN	5069	16	0	пушка
4226	gaće	NOUN	5050	7	0	сербская фамилия
4229	mladić	NOUN	5041	44	0	сербская фамилия
4268	dupli	ADJ	4998	62	1	двойной
4296	identitet	NOUN	4961	15	0	идентичность
4305	povreda	NOUN	4944	15	0	травма, повреждение, ранение; нарушение
4323	boca	NOUN	4921	18	0	бутыль, бутылка
4340	zmija	NOUN	4900	15	7	змея
4344	naočare	NOUN	4893	7	13	очки
4370	grob	NOUN	4859	16	0	могила
4386	glumac	NOUN	4843	14	4	сербская фамилия
4449	lovac	NOUN	4755	14	0	охотник; шахм. слон
4469	javan	ADJ	4744	191	1	общественный; явный
4490	stručnjak	NOUN	4713	15	0	специалист
4493	javnost	NOUN	4708	15	0	общественность
4504	poštovati	VERB	4699	102	3	уважать
4510	ogledalo	NOUN	4693	15	3	зеркало
4520	rame	NOUN	4680	15	0	анат. плечо
4522	prljav	ADJ	4677	191	3	грязный
4554	odbor	NOUN	4644	16	0	комитет
4563	ukusan	ADJ	4631	191	2	вкусный, лакомый
4588	suza	NOUN	4604	15	2	слеза
4635	stvarnost	NOUN	4555	15	0	реальность, действительность
4637	lisica	NOUN	4554	14	0	сербская фамилия
4639	kupovina	NOUN	4549	15	1	покупка
4655	ljubazan	ADJ	4534	191	4	любезный, обходительный; приветливый
4694	ispitivanje	NOUN	4500	15	0	опрос, допрос
4728	šetnja	NOUN	4465	16	0	прогулка
4760	bezbednost	NOUN	4438	30	2	безопасность
4764	vojni	ADJ	4434	63	0	военный
4773	ugao	NOUN	4428	20	0	угол
4788	poslovan	ADJ	4419	191	0	деловой
4809	taman	ADJ	4395	191	4	тёмный
4829	osveta	NOUN	4378	15	0	месть
4831	ponos	NOUN	4375	15	0	гордость
4836	okolnost	NOUN	4369	15	0	обстоятельство
4853	zabraniti	ADJ	4358	102	2	запретить
4873	bioskop	NOUN	4329	15	5	кинотеатр
4894	novinar	NOUN	4305	15	1	журналист
4896	gradac	NOUN	4303	26	0	сербская фамилия
4901	košulja	NOUN	4297	15	2	рубаха, рубашка
4909	ludost	NOUN	4286	15	0	безумие, сумасшествие
4911	vuk	NOUN	4284	21	5	зоол. волк (Canis lupus)
4946	kontrolisati	VERB	4244	102	0	контролировать
4964	peder	NOUN	4224	15	0	разг. педераст
4966	stranac	NOUN	4223	14	2	иностранец
4968	radnik	NOUN	4221	15	2	работник, рабочий, трудящийся
4996	pamćenje	NOUN	4190	15	1	память (способность сохранять информацию)
5005	baba	NOUN	4179	15	1	бабушка; пожилая женщина
5024	posledica	NOUN	4160	30	0	последствие
5045	mraz	NOUN	4141	24	3	мороз, холодная погода
5084	svetski	ADJ	4111	366	3	мировой, всемирный
5095	preuzeti	VERB	4102	102	0	перенять, воспринять; взять на себя
5107	uticaj	NOUN	4092	30	1	влияние
5113	ulaziti	VERB	4084	29	2	входить; въезжать
5115	klas	NOUN	4082	16	2	колос
5117	porota	NOUN	4079	15	0	суд присяжных
5173	posedovati	VERB	4037	204	0	обладать, владеть, иметь в собственности
5202	slovo	NOUN	4003	15	0	буква
5213	sudar	NOUN	3992	15	0	сербская фамилия
5214	nula	NOUN	3992	15	1	ноль
5223	televizija	NOUN	3986	15	6	телевидение
5226	usamljen	ADJ	3985	191	1	одинокий; уединённый; отделённый от других; пустынный; безлюдный
5251	popis	NOUN	3966	15	0	перечень, список
5257	majmun	NOUN	3961	15	0	зоол. обезьяна; интернет. собачка
5302	hodnik	NOUN	3927	15	1	коридор
5347	blagoslov	NOUN	3895	15	0	благословение
5386	eksplozija	NOUN	3861	15	2	взрыв
5391	cev	NOUN	3852	30	0	труба, трубка; ствол, дуло (оружия)
5396	zatvorenik	NOUN	3848	15	0	узник
5403	kriminalac	NOUN	3843	14	0	преступник, уголовник
5405	pobednik	NOUN	3842	30	0	победитель
5450	ispit	NOUN	3811	15	16	экзамен
5540	milijarda	NOUN	3743	16	1	миллиард
5551	čarapa	NOUN	3730	15	0	чулок
5587	odabrati	VERB	3707	102	1	выбрать, отобрать
5622	snažan	ADJ	3678	191	3	сильный
5636	biljka	NOUN	3667	18	2	растение
5726	predavati	VERB	3605	102	4	вручать
5730	alat	NOUN	3603	15	0	инструменты
5737	razmišljanje	NOUN	3598	15	0	критическое мышление
5748	trup	NOUN	3592	15	0	анат. туловище, торс, корпус; остов, корпус
5758	namera	NOUN	3583	30	1	намерение
5765	zajednički	ADJ	3576	184	4	взаимный
5782	ratnik	NOUN	3566	15	0	воин, боец, солдат
5861	polovina	NOUN	3510	15	0	сербская фамилия
5899	olovka	NOUN	3478	18	13	карандаш
5927	crnac	NOUN	3456	14	0	негр
5933	uzalud	ADV	3453	1	0	напрасно, зря
5940	sedmica	NOUN	3450	14	4	неделя; семёрка
6031	pevati	VERB	3387	204	24	петь
6033	traka	NOUN	3387	15	0	бант
6037	mapa	NOUN	3386	15	2	карта (географическая)
6049	prethodan	ADJ	3377	73	0	предыдущий; предварительный
6138	klavir	NOUN	3322	15	6	муз. фортепиано (фортепьяно)
6183	lanac	NOUN	3300	14	1	цепь
6194	radnica	NOUN	3292	14	1	работница
6320	žuriti	VERB	3209	29	15	спешить; торопить
6339	predavanje	NOUN	3197	15	0	лекция
6355	garantovati	VERB	3190	109	0	гарантировать
6374	sklad	NOUN	3184	7	0	соответствие
6414	nestajati	VERB	3152	29	1	исчезать, пропадать
6427	agencija	NOUN	3148	15	0	агентство
6496	pritvor	NOUN	3109	15	0	предварительное заключение, арест
6501	obuća	NOUN	3107	15	1	обувь
6559	ogrlica	NOUN	3079	14	0	бусы; ожерелье
6576	dadilja	NOUN	3073	15	0	няня
6589	prijateljski	ADJ	3069	184	0	дружественный
6595	naziv	NOUN	3065	15	2	название
6605	žurba	NOUN	3059	16	0	спешка
6654	vežba	NOUN	3036	32	0	упражнение; тренировка
6657	politički	ADJ	3034	184	1	политический
6659	suština	NOUN	3032	15	0	сущность, суть
6674	udovica	NOUN	3025	14	2	вдова
6698	sići	VERB	3014	23	0	сойти, съехать; спуститься, слезть
6704	lepota	NOUN	3010	30	2	красота
6706	zagrljaj	NOUN	3009	15	0	объятие
6745	otvaranje	NOUN	2988	15	0	открытие; раскрытие
6764	tlo	NOUN	2979	15	0	земля, почва
6782	tržište	NOUN	2970	15	0	рынок
6826	upotreba	NOUN	2946	15	0	применение, использование
6843	silovanje	NOUN	2935	15	0	изнасилование
6871	površina	NOUN	2919	15	1	поверхность
6878	okretati	VERB	2915	102	5	поворачивать, вращать; обращать (внимание, взгляд)
6898	putnik	NOUN	2906	15	3	сербская фамилия
6913	naučnik	NOUN	2899	15	1	учёный
6956	brisati	VERB	2882	102	0	вычёркивать
6979	hlače	NOUN	2871	7	0	штаны
7042	kuvar	NOUN	2840	17	1	повар
7044	živac	NOUN	2839	14	0	нерв
7060	blok	NOUN	2832	14	0	квартал
7091	besmislen	ADJ	2817	191	2	бессмысленный
7104	pružiti	VERB	2813	102	0	растягиваться; протягивать
7155	šala	NOUN	2791	15	3	шутка
7184	krasan	ADJ	2781	191	0	красивый
7220	tepih	NOUN	2768	14	2	ковёр
7298	val	NOUN	2735	23	0	волна
7311	ožiljak	NOUN	2732	15	0	шрам, рубец
7343	roda	NOUN	2713	15	2	орнитол. аист
7358	proleće	NOUN	2706	30	6	весна
7410	okolina	NOUN	2682	15	1	окрестность, округа, окружающая местность; окружение, среда
7412	južan	ADJ	2681	191	3	южный
7468	baterija	NOUN	2656	15	3	батарея; фонарик, фонарь
7470	izlet	NOUN	2656	15	0	поход, экскурсия, прогулка
7538	odaja	NOUN	2628	15	0	помещение, комната
7542	kretanje	NOUN	2625	15	0	движение
7549	održavanje	NOUN	2623	15	0	поддержание
7660	jastuk	NOUN	2576	15	1	подушка
7675	spremati	VERB	2571	102	11	приготовить
7679	trgovina	NOUN	2569	15	0	торговля
7726	časopis	NOUN	2552	15	2	газета; журнал; периодическое издание
7738	pozorište	NOUN	2546	15	3	театр
7747	toranj	NOUN	2544	22	0	башня
7758	postojanje	NOUN	2540	15	0	существование, бытие
7784	krompir	NOUN	2531	15	1	картофель
7810	nokat	NOUN	2523	18	3	анат. ноготь
7837	mržnja	NOUN	2515	16	0	ненависть
7894	frizura	NOUN	2495	15	0	причёска, стрижка
7900	prići	VERB	2493	23	0	подойти, приблизиться; присоединиться, примкнуть
7980	šator	NOUN	2467	15	0	палатка
7984	konopac	NOUN	2467	14	0	верёвка
8038	prostorija	NOUN	2449	15	0	помещение, комната
8078	zec	NOUN	2429	14	4	сербская фамилия
8083	godišnjica	NOUN	2428	15	0	годовщина
8093	parfem	NOUN	2425	15	0	духи
8109	logičan	ADJ	2419	191	0	логический
8137	zabaviti	VERB	2410	102	1	позабавить, развлечь, занять
8143	patnja	NOUN	2406	16	0	страдание, мучение
8151	količina	NOUN	2403	15	1	количество
8172	talac	NOUN	2395	26	0	заложник
8191	kuvati	VERB	2389	102	6	варить, готовить (пищу)
8204	sprečavati	VERB	2386	204	0	препятствовать
8206	čarobnjak	NOUN	2386	15	2	маг, волшебник, чародей
8273	zastava	NOUN	2368	15	1	флаг
8291	pacov	NOUN	2363	15	1	крыса
8346	saučešće	NOUN	2346	15	0	соболезнование
8350	groblje	NOUN	2344	17	0	кладбище
8377	gradski	ADJ	2335	184	1	городской
8402	crevo	NOUN	2328	30	0	анат. кишка
8414	blizanac	NOUN	2322	14	1	сербская фамилия
8425	prašina	NOUN	2318	15	1	пыль
8430	čekić	NOUN	2317	44	1	молот, молоток
8467	vikati	VERB	2305	102	4	кричать
8482	nameštaj	NOUN	2298	30	0	мебель
8536	poraz	NOUN	2279	16	0	поражение
8577	naređivati	VERB	2265	102	0	приказывать; распоряжаться
8661	vitez	NOUN	2242	18	0	рыцарь, всадник
8686	tuga	NOUN	2235	15	1	горе, печаль
8849	peškir	NOUN	2188	43	0	полотенце
8892	automatski	ADJ	2172	184	0	автоматический
8904	izvod	NOUN	2168	15	0	матем. производная (функции)
8909	ada	NOUN	2166	15	0	островок
8921	čovečanstvo	NOUN	2163	30	0	человечество
8932	tvrdoglav	ADJ	2160	191	0	упрямый
8981	siromašan	ADJ	2146	191	6	бедный, неимущий
9007	balon	NOUN	2139	15	0	воздушный шар; аэростат
9044	aplauz	NOUN	2131	15	0	аплодисменты
9067	poređenje	NOUN	2125	15	0	сравнение
9099	glavobolja	NOUN	2117	15	4	головная боль
9104	neočekivan	ADJ	2115	191	0	неожиданный
9108	poremećaj	NOUN	2114	15	1	расстройство
9140	prekidač	NOUN	2102	15	0	выключатель
9163	tetovaža	NOUN	2095	15	0	татуировка
9169	lobanja	NOUN	2093	15	0	череп
9231	karati	VERB	2075	102	0	бранить, ругать
9235	približan	ADJ	2074	191	1	приблизительный, примерный
9431	sapun	NOUN	2028	15	2	мыло
9472	orao	NOUN	2019	20	1	зоол. орёл (Aquila)
9482	imovina	NOUN	2018	15	0	имущество; собственность
9487	kiseonik	NOUN	2017	15	1	хим. кислород
9594	apsurdan	ADJ	1993	191	0	абсурдный
9630	očekivanje	NOUN	1984	15	0	ожидание (действие)
9643	batina	NOUN	1981	15	0	сербская фамилия
9691	patak	NOUN	1968	22	0	селезень
9742	dobrobit	NOUN	1956	15	0	благосостояние, благополучие, благоденствие
9743	volan	NOUN	1956	15	0	руль, рулевое колесо
9765	rasprava	NOUN	1951	15	0	обсуждение, дискуссия, прения
9808	smeće	NOUN	1940	15	0	мусор, сор
9811	vojvoda	NOUN	1940	14	0	князь
9924	jelen	NOUN	1911	15	0	сербская фамилия
9977	septembar	NOUN	1898	15	0	сентябрь
9993	slavan	ADJ	1894	198	0	знаменитый; известный
10049	obraz	NOUN	1881	16	0	анат. щека
10053	gluv	ADJ	1880	191	2	глухой
10054	prag	NOUN	1880	35	1	порог
10067	istočni	ADJ	1876	63	0	восточный
10089	bubreg	NOUN	1873	14	0	анат. почка
10170	žut	ADJ	1857	191	3	жёлтый
10201	domaćica	NOUN	1853	15	0	домохозяйка
10227	peći	VERB	1848	96	1	жарить
10316	spomenik	NOUN	1832	15	0	памятник
10367	mito	NOUN	1823	15	2	взятка
10434	predstavnik	NOUN	1811	15	0	представитель
10448	glasanje	NOUN	1808	15	0	голосование
10458	japanac	NOUN	1806	14	2	японец
10482	pantalone	NOUN	1799	7	3	штаны
10508	kobasica	NOUN	1795	14	0	колбаса
10572	zglob	NOUN	1782	16	0	анат. сустав
10601	naočale	NOUN	1775	7	0	очки
10673	ukloniti	VERB	1763	102	1	убрать, устранить; отстранить
10681	trg	NOUN	1761	21	0	площадь (городская); рынок
10686	šarmantan	ADJ	1761	191	0	очаровательный
10712	udaljenost	NOUN	1756	15	0	расстояние
10718	cesta	NOUN	1755	15	0	дорога; улица
10722	pravni	ADJ	1755	63	0	юридический
10750	razočarati	VERB	1750	102	0	разочаровать
10790	italijanski	ADJ	1744	184	6	итальянский
10857	potres	NOUN	1731	15	0	землетрясение
10931	beskoristan	ADJ	1717	73	0	бесполезный; напрасный, тщетный
10989	suh	ADJ	1705	307	1	сухой
11019	primirje	NOUN	1699	15	0	перемирие
11030	magla	NOUN	1696	15	0	метеорол. туман
11037	graditi	VERB	1695	102	1	строить
11090	tečnost	NOUN	1685	15	0	жидкость
11187	podjednak	ADJ	1668	191	1	одинаковый
11188	nadzornik	NOUN	1668	15	0	надзиратель
11234	višak	NOUN	1658	21	0	экон. профицит
11274	krvav	ADJ	1652	191	0	кровавый
11322	računar	NOUN	1646	16	13	компьютер
11329	starateljstvo	NOUN	1645	15	0	опека; опекунство
11351	poverljiv	ADJ	1643	263	0	доверчивый; секретный
11369	nafta	NOUN	1640	15	1	нефть
11440	ambasador	NOUN	1627	15	0	посол
11457	bradavica	NOUN	1625	14	0	бородавка
11493	pesnik	NOUN	1617	30	0	поэт
11503	preporuka	NOUN	1615	15	0	рекомендация
11506	delić	NOUN	1614	59	0	сербская фамилия
11518	saradnja	NOUN	1612	16	0	сотрудничество
11547	magarac	NOUN	1607	14	2	зоол. осёл, ишак (Equus asinus asinus)
11565	pećina	NOUN	1604	15	0	спелеол. пещера
11569	makaze	NOUN	1603	7	0	ножницы
11580	slikar	NOUN	1602	17	2	живописец
11624	zajam	NOUN	1595	14	0	заём
11645	englez	NOUN	1592	15	0	англичанин
11681	razumevanje	NOUN	1587	30	0	понимание, осмысление, разумение
11708	obavljati	VERB	1582	102	0	выполнять, осуществлять; производить, делать
11710	srpski	ADJ	1581	184	1	сербский
11713	košarka	NOUN	1581	16	4	спорт. баскетбол
11720	zabran	NOUN	1580	15	0	заповедник
11733	studirati	VERB	1578	102	14	учиться, обучаться (в учебном заведении); учить, изучать
11756	lezbejka	NOUN	1576	17	0	лесбиянка
11805	torbica	NOUN	1568	15	1	сербская фамилия
11830	podmornica	NOUN	1565	14	0	морск. подводная лодка, подлодка
11856	mišić	NOUN	1561	45	0	сербская фамилия
11862	šaka	NOUN	1560	15	0	кисть руки; горсть, пригоршня
11908	alergičan	ADJ	1555	191	1	мед. аллергический
11935	finansijski	ADJ	1552	184	0	финансовый
11947	mol	NOUN	1550	16	0	муз. минор
12049	brojati	VERB	1537	105	11	считать, насчитывать
12088	relativan	ADJ	1530	191	0	относительный
12116	odsustvo	NOUN	1526	15	0	отсутствие
12124	pobunjenik	NOUN	1524	15	0	бунтарь, бунтовщик
12207	tabla	NOUN	1512	16	0	доска; плитка
12234	zemljotres	NOUN	1509	15	2	землетрясение
12249	crta	NOUN	1507	15	0	чертить
12326	kornjača	NOUN	1493	15	2	черепаха
12347	narukvica	NOUN	1490	15	0	браслет
12374	paradajz	NOUN	1487	15	0	помидор
12422	dragulj	NOUN	1481	15	0	драгоценный камень
12434	tovar	NOUN	1480	15	0	груз
12446	beo	ADJ	1479	191	16	белый
12490	divljina	NOUN	1472	15	0	дикая местность
12495	stanovnik	NOUN	1472	15	2	житель
12508	okret	NOUN	1470	15	0	вращение
12533	navesti	VERB	1467	191	0	привести; перечислить
12548	kočija	NOUN	1464	15	0	коляска, повозка, дилижанс, фаэтон
12586	krtica	NOUN	1458	14	0	крот
12618	posed	NOUN	1453	30	0	собственность (земельная), имение; недвижимость
12640	dobrotvoran	ADJ	1450	191	0	благотворительный
12661	kopno	NOUN	1447	15	0	суша
12670	godišnji	ADJ	1446	60	2	ежегодный
12733	otrovan	ADJ	1435	191	0	ядовитый
12804	mrtvačnica	NOUN	1425	14	0	морг, мертвецкая, покойницкая
12807	biološki	ADJ	1425	64	1	биологический
12809	brzak	NOUN	1424	15	0	сербская фамилия
12844	doprinos	NOUN	1419	15	0	вклад (что-либо ценное, вносимое кем-либо в науку, культуру, в общее дело)
12870	rečenica	NOUN	1415	15	17	предложение (грамматическое); фраза, выражение, высказывание
12883	gubica	NOUN	1413	15	0	морда
12885	moderan	ADJ	1413	191	1	модный
12892	kocka	NOUN	1412	17	0	геометр. куб
12904	završetak	NOUN	1410	21	0	завершение
12952	ispunjavati	VERB	1403	102	0	исполнять, выполнять
12976	srebrn	ADJ	1400	191	0	серебряный
13026	mladoženja	NOUN	1394	14	0	жених
13028	vatrogasac	NOUN	1393	14	0	пожарный, пожарник
13069	kockanje	NOUN	1388	15	0	азартная игра
13090	čuvanje	NOUN	1385	15	0	хранение
13091	bunar	NOUN	1385	15	1	колодец
13201	trudnoća	NOUN	1371	15	0	физиол. беременность
13257	koncentrisati	VERB	1365	29	0	сосредотачивать, сосредоточивать, концентрировать
13274	čelik	NOUN	1363	15	1	сталь
13345	obezbediti	VERB	1353	204	0	обеспечить; обезопасить
13454	nestrpljiv	ADJ	1340	191	0	нетерпеливый
13456	autoput	NOUN	1340	33	0	автострада, скоростная дорога
13462	leptir	NOUN	1339	15	0	зоол. бабочка, мотылёк
13539	pirinač	NOUN	1327	15	1	рег. (sr) рис
13573	usvajanje	NOUN	1324	15	0	усваивание; принятие
13732	znoj	NOUN	1305	15	0	пот
13751	grudnjak	NOUN	1303	15	0	бюстгальтер
13851	koš	NOUN	1288	15	0	корзина
13852	čvor	NOUN	1288	16	0	сербская фамилия
13882	alkoholičar	NOUN	1285	15	0	алкоголик
13936	odbijanje	NOUN	1279	15	0	отражение, отбитие (удара, нападения)
14056	kula	NOUN	1265	15	0	башня; шахм. ладья
14164	puh	NOUN	1251	21	0	зоол. соня
14220	temelj	NOUN	1245	17	0	фундамент
14299	naslediti	VERB	1238	204	0	наследовать
14346	trovanje	NOUN	1233	15	0	заражение, отравление
14350	biskup	NOUN	1232	15	0	сербская фамилия
14362	poštar	NOUN	1231	17	0	почтальон
14399	svagda	ADV	1226	1	0	всегда
14524	maramica	NOUN	1212	15	0	носовой платок
14533	umak	NOUN	1211	15	0	соус
14551	decembar	NOUN	1209	15	0	декабрь
14615	grkljan	NOUN	1203	15	0	анат. гортань
14627	vaga	NOUN	1202	17	0	весы; вес
14648	jagnje	NOUN	1200	14	1	ягнёнок
14666	sažaljenje	NOUN	1199	15	0	сочувствие, жалость
14711	sajam	NOUN	1194	14	0	ярмарка
14723	bolničar	NOUN	1193	17	0	мед. санитар
14726	okvir	NOUN	1193	15	0	рамка; рамки
14733	grožđe	NOUN	1192	15	1	виноград
14773	centimetar	NOUN	1188	15	0	сантиметр
14804	muzički	ADJ	1186	184	0	музыкальный
14817	rađati	VERB	1184	102	0	рожать, рождать
14864	halucinacija	NOUN	1180	15	0	мед. галлюцинация
14971	rečnik	NOUN	1168	30	13	словарь
14973	izgradnja	NOUN	1168	16	1	строительство
14991	mađioničar	NOUN	1167	17	0	фокусник
15014	igralište	NOUN	1164	15	0	детская площадка, игровая площадка
15024	bilijar	NOUN	1163	15	1	бильярд
15029	uvis	ADV	1163	1	1	вверх, наверх
15036	računovođa	NOUN	1162	14	0	бухгалтер, счетовод
15080	sličnost	NOUN	1157	15	0	сходство
15099	burazer	NOUN	1156	43	0	сербская фамилия
15145	burka	NOUN	1152	16	0	сербская фамилия
15169	barut	NOUN	1151	15	0	порох
15272	start	NOUN	1142	16	0	СНВ, Договор об ограничении стратегических (наступательных) вооружений
15363	isplatiti	VERB	1134	102	1	заплатить
15417	tavan	NOUN	1129	15	0	чердак
15430	luksuz	NOUN	1128	15	0	великолепие
15433	homoseksualac	NOUN	1127	14	0	гомосексуал, гомосексуалист
15436	psihološki	ADJ	1127	62	0	психологический
15490	kandža	NOUN	1124	15	0	анат. коготь
15497	obrva	NOUN	1123	15	0	бровь
15578	plima	NOUN	1117	15	0	прилив
15678	istorijski	ADJ	1108	184	0	исторический
15684	grčki	ADJ	1108	184	6	греческий
15702	siv	ADJ	1107	191	1	серый, сивый; бесцветный, бледный
15788	novembar	NOUN	1099	15	0	ноябрь
15820	remi	NOUN	1097	15	0	спорт. ничья
15832	beskrajan	ADJ	1096	191	1	бесконечный
15893	pukotina	NOUN	1091	15	0	трещина
15903	izjaviti	VERB	1090	102	0	заявить
15930	sportista	NOUN	1087	14	0	спортсмен
15980	sirotište	NOUN	1083	15	0	приют, детский дом
16010	jastog	NOUN	1080	14	0	зоол. омар; лобстер
16031	masakr	NOUN	1079	15	0	резня, бойня
16118	popravljati	VERB	1073	102	1	улучшать
16171	badanj	NOUN	1069	21	0	чан, кадка
16178	kiselina	NOUN	1068	15	0	хим. кислота
16245	leća	NOUN	1063	15	1	ботан. чечевица (Lens)
16269	ujesti	VERB	1061	102	0	кусать
16275	skupljati	VERB	1060	102	0	копить, собирать
16278	avet	NOUN	1060	15	0	призрак, привидение
16347	putanja	NOUN	1055	15	0	тропинка, дорожка
16402	agresivan	ADJ	1051	191	2	агрессивный
16425	šut	NOUN	1050	24	0	спорт. бросок, удар (по мячу)
16428	močvara	NOUN	1050	15	0	болото
16439	nesretan	ADJ	1049	191	0	несчастный, несчастливый
16490	mrav	NOUN	1046	15	0	муравей
16531	novinarka	NOUN	1043	17	0	журналистка
16559	očuh	NOUN	1040	14	0	отчим
16677	domovina	NOUN	1031	15	2	родной край, родина, отечество, отчизна
16691	duvan	NOUN	1031	15	0	табак
16709	divljak	NOUN	1029	15	0	сербская фамилия
16767	daljina	NOUN	1024	15	0	расстояние
16792	okupljati	VERB	1022	102	0	сосредотачивать, сосредоточивать, концентрировать
16793	novčanica	NOUN	1022	15	0	банкнота
16894	tvrđava	NOUN	1015	15	2	крепость
17003	ljubaznost	NOUN	1007	15	0	доброта
17038	nejasan	ADJ	1005	191	0	неясный
17060	kadar	ADJ	1003	205	0	готовый, годный, способный (сделать что-либо)
17145	radionica	NOUN	996	15	0	мастерская
17228	hladnjak	NOUN	990	15	0	холодильник
17241	letelica	NOUN	989	28	0	летательный аппарат, воздушное судно, самолёт
17274	potpredsednik	NOUN	987	30	0	вице-президент
17278	ambulanta	NOUN	987	18	0	амбулатория
17350	frekvencija	NOUN	983	15	0	частота
17351	zabranjivati	VERB	983	102	0	запрещать
17408	četkica	NOUN	979	14	1	щётка
17425	klasičan	ADJ	978	191	2	классический
17497	porođaj	NOUN	973	15	0	роды, рождение
17735	angažovati	VERB	958	109	0	ангажировать
17909	cigla	NOUN	946	18	0	кирпич
17911	gvožđe	NOUN	946	15	2	хим. железо
18058	prisutnost	NOUN	938	15	0	присутствие
18074	jutarnji	ADJ	937	60	0	утренний
18092	veverica	NOUN	936	28	0	зоол. белка (лат. Sciurus)
18108	svemoguć	ADJ	935	69	0	всемогущий; всесильный, всемощный
18192	ambasada	NOUN	929	15	0	посольство
18199	padobran	NOUN	929	15	0	парашют
18206	pogreb	NOUN	928	15	0	похороны, погребение; устар. могила
18236	naselje	NOUN	926	15	0	населённый пункт, поселение
18243	fioka	NOUN	926	15	0	выдвижной ящик
18244	ćutanje	NOUN	926	15	0	молчание
18286	amater	NOUN	923	15	0	любитель
18309	travnjak	NOUN	921	15	0	газон
18393	kut	NOUN	916	25	0	угол
18443	nadležnost	NOUN	913	15	0	компетенция, ведение
18451	stanar	NOUN	913	17	0	житель, жилец
18453	osmi	ADJ	912	63	1	восьмой
18454	lutrija	NOUN	912	15	1	лотерея
18566	kupus	NOUN	906	15	0	капуста
18656	šunka	NOUN	900	16	0	ветчина, окорок
18661	bubanj	NOUN	900	21	0	сербская фамилия
18688	štedeti	VERB	899	202	1	копить, собирать
18745	planinski	ADJ	895	184	0	горный
18763	dinosaurus	NOUN	894	15	0	зоол. динозавр
18787	arogantan	ADJ	893	191	0	нахальный, наглый, высокомерный
18841	dlan	NOUN	890	16	0	анат. ладонь
18863	bolničarka	NOUN	888	16	0	медсестра
18880	pečenje	NOUN	887	15	0	кулин. жаркое
18957	stanovništvo	NOUN	883	15	1	население
18982	razočarenje	NOUN	882	15	0	разочарование
18986	jahač	NOUN	882	15	0	всадник, наездник
19040	krpa	NOUN	879	15	0	тряпка; лоскут
19138	besmrtan	ADJ	873	191	0	бессмертный
19139	musliman	NOUN	873	15	0	мусульманин, магометанин
19230	sočivo	NOUN	867	15	1	чечевица
19237	leglo	NOUN	867	15	0	выводок; логово, логовище, лёжка
19284	tesan	ADJ	864	264	1	узкий
19335	samostalan	ADJ	861	191	0	независимый, самостоятельный
19353	vir	NOUN	860	16	0	водоворот
19369	amandman	NOUN	858	15	0	поправка
19387	ćelav	ADJ	858	191	2	лысый
19522	peti	ADJ	849	63	3	пятый
19558	biser	NOUN	847	15	0	жемчуг
19643	gušter	NOUN	843	15	0	зоол. ящерица
19713	šap	NOUN	838	7	0	ящур
19721	isključivati	VERB	838	102	0	исключать
19795	mesar	NOUN	834	17	0	мясник
19871	ujedno	ADV	830	1	0	вместе, одновременно
19947	vanzemaljski	ADJ	826	64	0	внеземной, инопланетный
19997	tvrdnja	NOUN	824	16	0	утверждение
20017	trougao	NOUN	822	20	2	геометр. треугольник
20203	tajanstven	ADJ	812	191	0	таинственный, загадочный
20280	brašno	NOUN	809	15	0	мука́
20356	pokrivač	NOUN	805	16	0	одеяло
20505	jarac	NOUN	798	14	0	зоол. козёл
20593	njuška	NOUN	792	20	0	морда, рыло
20596	drven	ADJ	792	191	0	деревянный
20606	posećivati	VERB	792	204	0	посещать, навещать
20643	smanjenje	NOUN	790	15	0	уменьшение
20693	pamuk	NOUN	788	15	0	ботан. хлопок, хлопчатник
20715	atentat	NOUN	787	15	0	покушение, теракт
20726	ucena	NOUN	786	30	0	шантаж
20768	početnik	NOUN	784	15	2	новичок
20807	institucija	NOUN	782	15	0	учреждение, институт
20812	insekt	NOUN	782	14	0	зоол. насекомое
20822	kafana	NOUN	781	15	0	кафе, кофейня
20898	zadah	NOUN	777	14	0	смрад, зловоние, вонь
20930	osigurač	NOUN	776	15	0	техн. предохранитель
20939	besmrtnost	NOUN	776	15	0	бессмертие
20998	usamljenost	NOUN	773	15	1	одиночество
21035	tradicionalan	ADJ	772	191	0	традиционный
21047	plesač	NOUN	771	15	0	танцор
21132	parkiralište	NOUN	767	15	0	автостоянка, парковка
21168	lakat	NOUN	766	24	2	анат. локоть
21236	gaza	NOUN	763	30	1	марля
21297	obveznica	NOUN	760	15	0	фин. облигация
21303	breskva	NOUN	759	18	0	персик (плод)
21432	šamar	NOUN	753	15	0	пощёчина, оплеуха
21434	pripadnik	NOUN	753	15	0	член (организации); участник (группы)
21456	nezavisan	ADJ	752	191	1	независимый
21541	kovač	NOUN	749	15	0	славянская фамилия
21576	žeđ	NOUN	747	15	0	жажда
21649	posmatrač	NOUN	743	15	1	наблюдатель
21657	takozvani	ADJ	743	63	0	так называемый
21661	valcer	NOUN	742	15	0	вальс
21757	azil	NOUN	738	15	0	убежище, приют
21800	fetus	NOUN	737	15	0	биол., мед., анат. плод, эмбрион, зародыш
21821	stena	NOUN	736	30	0	скала, утёс
21845	suprotnost	NOUN	735	15	0	противоположность, противопоставленность, контраст
21873	bučan	ADJ	734	191	0	шумный
21994	bizaran	ADJ	730	132	0	чудной, необычный
22007	senf	NOUN	729	16	0	горчица
22041	porotnik	NOUN	728	15	0	присяжный заседатель
22047	dud	NOUN	728	16	0	шелковица
22054	trostruk	ADJ	727	191	0	тройной
22169	poštanski	ADJ	723	62	4	почтовый
22277	kvaka	NOUN	718	15	0	дверная ручка
22325	krvoproliće	NOUN	716	15	0	кровопролитие
22360	siromaštvo	NOUN	715	15	0	бедность
22463	pomorandža	NOUN	710	16	2	ботан. апельсин
22566	trkač	NOUN	706	15	1	бегун
22597	neoprostiv	ADJ	705	191	0	непростительный
22624	poljski	ADJ	704	184	2	полевой
22663	kostur	NOUN	702	15	0	сербская фамилия
22753	strašilo	NOUN	699	15	0	пугало
22873	lešinar	NOUN	694	17	0	гриф, стервятник
22973	šargarepa	NOUN	690	15	1	морковь
22992	foka	NOUN	690	15	0	зоол. тюлень
22997	izbeglica	NOUN	689	58	0	беженец
23040	bespomoćan	ADJ	687	73	0	беспомощный, беззащитный
23048	poslodavac	NOUN	687	14	0	работодатель, наниматель
23248	obdukcija	NOUN	679	15	0	вскрытие, аутопсия
23368	književnost	NOUN	674	15	0	литература
23383	nepodnošljiv	ADJ	674	191	0	невыносимый, непереносимый, нестерпимый
23388	povraćanje	NOUN	674	15	0	физиол. рвота
23421	stepenište	NOUN	672	15	0	лестница
23438	diplomatski	ADJ	672	184	0	дипломатический
23500	sag	NOUN	669	21	0	ковёр
23670	energetski	ADJ	662	184	0	энергетический
23713	šank	NOUN	661	14	0	стойка (прилавок)
23725	svila	NOUN	661	15	0	шёлк
23760	olovo	NOUN	659	15	0	хим. свинец
23775	osnivač	NOUN	658	15	0	основатель
23856	znanstvenik	NOUN	656	15	0	учёный
23859	ekonomski	ADJ	656	184	1	экономический
23954	prehlada	NOUN	652	15	1	мед. простуда
23955	šaljivdžija	NOUN	652	14	0	большой шутник
24028	saosećanje	NOUN	650	30	0	сострадание, сочувствие, сопереживание
24040	vrtić	NOUN	650	15	0	детский сад
24058	divljenje	NOUN	649	15	0	восхищение
24074	funkcionisati	VERB	649	29	0	функционировать
24077	kabao	NOUN	649	20	0	ушат
24094	uzak	ADJ	648	191	1	узкий
24115	vrtlog	NOUN	647	14	0	водоворот
24125	gljiva	NOUN	647	15	1	гриб
24191	miraz	NOUN	645	16	0	приданое
24218	golicati	VERB	644	102	0	щекотать
24295	hologram	NOUN	641	15	0	голограмма
24327	elektricitet	NOUN	640	15	1	физ. электричество
24400	upravljač	NOUN	637	15	0	руль, рулевое колесо
24458	svetionik	NOUN	635	30	0	маяк
24459	amajlija	NOUN	635	15	0	талисман, амулет
24469	čekaonica	NOUN	635	14	0	приёмная
24483	čep	NOUN	634	16	0	пробка (затычка)
24499	crnkinja	NOUN	634	15	0	негритянка
24514	bubnjar	NOUN	633	17	0	сербская фамилия
24732	pesnica	NOUN	626	15	0	кулак
24742	krhak	ADJ	626	191	0	хрупкий (также перен.)
24775	usporedba	NOUN	625	18	0	сравнение
24818	osvetnik	NOUN	624	15	0	мститель
24861	baklja	NOUN	622	18	1	факел
24886	pomračenje	NOUN	622	15	0	астрон. затмение
24942	evropski	ADJ	620	184	1	европейский
24975	vremeplov	NOUN	619	15	0	машина времени
25021	poluga	NOUN	617	15	0	рычаг; слиток
25060	dobijanje	NOUN	616	15	0	получение
25224	rukovati	VERB	610	29	0	(~ се) здороваться за руку, пожимать руку (кому-л.); (~ се с) здороваться за руку (с кем-л.)
25264	nezaposlen	ADJ	609	191	0	безработный, незанятый
25321	ševa	NOUN	607	15	0	сербская фамилия
25351	okrutnost	NOUN	606	15	0	жестокость
25415	mačka	NOUN	603	20	46	кошка
25426	dijabetes	NOUN	603	15	1	мед. диабет
25469	jednačina	NOUN	601	15	0	матем. уравнение
25748	šina	NOUN	593	15	0	рельс
25812	gutati	VERB	591	102	0	глотать
25820	plaćenik	NOUN	591	15	0	наёмник, наймит
25857	pepeljuga	NOUN	589	15	0	Золушка
25988	hrišćanski	ADJ	585	184	0	христианский
26080	dizalo	NOUN	583	15	0	лифт
26090	pilić	NOUN	582	15	0	цыплёнок
26102	samoća	NOUN	582	15	0	одиночество
26104	skica	NOUN	582	15	0	искусств. набросок, скетч, эскиз
26131	štakor	NOUN	581	15	0	зоол. крыса (rattus)
26192	finansirati	VERB	580	102	0	финансировать
26223	bobica	NOUN	579	14	0	ягода
26267	aranžman	NOUN	577	15	0	предварительное соглашение, сговор
26334	mučnina	NOUN	575	15	0	тошнота
26441	predator	NOUN	573	15	0	биол. хищник
26465	klin	NOUN	572	16	2	гвоздь
26524	prezir	NOUN	570	32	1	презрение
26526	knjižar	NOUN	570	17	1	книготорговец
26622	mirovni	ADJ	567	63	0	миротворческий (о силах); мирный (о переговорах)
26655	srećković	NOUN	567	15	0	сербская фамилия
26661	statistički	ADJ	566	64	0	статистический
26684	nemilosrdan	ADJ	565	191	0	безжалостный, беспощадный, немилосердный
26719	igračica	NOUN	565	14	0	танцовщица
26758	samouveren	ADJ	563	380	0	самоуверенный
26797	najaviti	VERB	562	102	1	объявить, сообщить
26919	analizirati	VERB	559	109	0	анализировать
26932	financijski	ADJ	559	184	0	финансовый
26990	sveska	NOUN	557	16	1	блокнот
27119	doručkovati	VERB	554	109	3	завтракать
27142	teroristički	ADJ	553	184	0	террористический
27174	manipulisati	VERB	553	102	0	манипулировать
27247	dvogled	NOUN	550	15	0	бинокль
27294	fotelja	NOUN	549	15	0	кресло
27333	ponavljanje	NOUN	548	15	0	повторение
27343	histeričan	ADJ	548	191	0	истеричный; истерический
27432	đavolji	ADJ	546	60	0	чертовский, дьявольский; ни к чёрту не годный, негодный, никудышный
27485	krastavac	NOUN	544	14	0	ботан. огурец (Cucumis sativus)
27490	korisnik	NOUN	544	15	0	пользователь
27505	čedo	NOUN	543	15	0	ребёнок
27566	korica	NOUN	542	15	1	сербская фамилия
27628	ozbiljnost	NOUN	541	15	0	серьёзность; важность, значительность
27776	taktički	ADJ	537	64	0	тактический
27795	tesla	NOUN	537	17	0	сербская фамилия
27837	životinjski	ADJ	535	184	1	звериный
27886	sipa	NOUN	534	15	0	зоол. каракатица (лат. sepia)
27919	labud	NOUN	533	23	0	зоол. лебедь
27924	ucenjivati	VERB	533	204	0	шантажировать
28147	zapošljavanje	NOUN	528	15	0	трудоустройство, найм
28193	usisivač	NOUN	527	15	0	пылесос
28319	oslobođenje	NOUN	524	15	0	освобождение
28323	staklen	ADJ	524	191	0	стеклянный
28490	krijumčarenje	NOUN	519	15	0	юр. контрабанда
28537	etički	ADJ	518	62	0	этический
28753	pobačaj	NOUN	513	15	0	выкидыш
28814	koincidencija	NOUN	512	15	0	совпадение
28870	beznačajan	ADJ	510	191	0	незначительный
28885	odsto	ADV	510	1	0	процент
28909	usmeriti	VERB	509	204	0	направить, устремить, нацелить; сориентировать, наставить (кого-либо)
28919	šutirati	VERB	509	109	0	ударить/ударять (по мячу)
28930	buva	NOUN	508	15	0	энтомол. блоха
28967	državljanin	NOUN	508	15	0	гражданин
28990	rakun	NOUN	507	15	0	зоол. енот, енот-полоскун (Procyon Lotor)
28998	proliv	NOUN	507	30	1	мед. диарея, понос
29124	avionski	ADJ	504	62	1	самолётный; авиационный, воздушный
29178	krojač	NOUN	503	15	0	портной
29207	uže	NOUN	502	15	0	верёвка
29243	ustanak	NOUN	502	15	0	восстание
29291	vodenjak	NOUN	501	15	0	зоол. тритон
29344	umor	NOUN	500	15	0	усталость, утомление, утомлённость
29346	bubašvaba	NOUN	500	15	1	энтомол. таракан
29404	sisar	NOUN	498	17	0	млекопитающее
29406	kišan	ADJ	498	191	1	дождливый
29451	suzavac	NOUN	497	14	0	слезоточивый газ
29464	naušnica	NOUN	497	14	0	серьга
29659	njuškalo	NOUN	492	15	0	разг. проныра, пролаза; шпион, шпик
29686	mazga	NOUN	492	16	0	зоол. лошак (Equus hinnus)
29784	ploviti	VERB	490	29	1	плавать
29801	demokratski	ADJ	489	184	0	демократический
29889	alga	NOUN	487	16	0	водоросль
30138	tekućina	NOUN	482	15	0	жидкость
30144	državljanstvo	NOUN	482	15	1	гражданство
30171	bezbolan	ADJ	481	191	0	безболезненный
30372	umorstvo	NOUN	476	15	0	убийство
30389	finansiranje	NOUN	476	15	0	фин. финансирование
30399	borovnica	NOUN	476	14	0	сербская фамилия
30408	samostan	NOUN	476	15	0	религ. монастырь
30476	začin	NOUN	474	15	0	пряность, специя, приправа
30540	spaljivanje	NOUN	473	15	0	сжигание, сожжение
30691	harmonika	NOUN	470	15	0	аккордеон
30719	skakač	NOUN	469	15	0	прыгун; шахм. конь
30746	neprijateljstvo	NOUN	469	15	0	враждебность, вражда, неприязнь
30747	knjižnica	NOUN	469	14	0	библиотека
30772	tiganj	NOUN	468	43	0	сковородка
30822	gležanj	NOUN	467	22	0	анат. лодыжка, щиколотка
30877	brodić	NOUN	466	15	0	сербская фамилия
30893	velikodušnost	NOUN	466	15	0	великодушие
30933	ljigav	ADJ	465	191	0	скользкий, покрытый слизью
30956	afrički	ADJ	464	184	0	африканский
30969	narudžba	NOUN	464	18	0	заказ
30997	plahta	NOUN	463	16	0	простыня
31044	udaljavati	VERB	462	102	0	удалять, отдалять
31064	lubanja	NOUN	462	15	0	череп
31104	blagajnik	NOUN	461	15	0	кассир
31111	talijanski	ADJ	461	184	0	итальянский
31225	dren	NOUN	458	16	0	ботан. кизил (Cornus)
31339	udica	NOUN	456	15	0	рыболовный крючок
31402	klizav	ADJ	455	191	0	скользкий, склизкий
31427	industrijski	ADJ	455	184	0	промышленный, индустриальный
31634	presedan	NOUN	450	15	0	прецедент
31639	skupština	NOUN	450	15	0	собрание; ассамблея
31677	donošenje	NOUN	449	15	0	(о решении) принятие
31682	bakar	NOUN	449	15	0	хим. медь
31708	šišmiš	NOUN	449	15	0	зоол. летучая мышь
31731	grb	NOUN	449	16	0	анат. спина
31764	truo	ADJ	448	191	0	гнилой
31786	naglasiti	VERB	447	102	0	подчеркнуть, выделить
31844	stolac	NOUN	446	14	0	стул
31883	đak	NOUN	445	15	0	ученик
31900	elektrana	NOUN	445	15	0	электростанция
31917	tenzija	NOUN	445	15	0	физ., эл.-техн. напряжение; натяжение
32059	fudbaler	NOUN	442	15	0	футболист
32149	amaterski	ADJ	440	184	0	любительский
32168	lubenica	NOUN	440	14	1	ботан. арбуз
32185	jaz	NOUN	440	16	0	пропасть
32364	sveučilište	NOUN	436	15	0	университет
32386	turistički	ADJ	436	184	0	туристический
32450	krijumčar	NOUN	435	17	0	контрабандист
32543	slan	ADJ	433	191	1	солёный
32562	lem	NOUN	433	16	0	техн. припой
32570	zamka	NOUN	433	20	1	петля
32644	poboljšavati	VERB	431	102	1	улучшать
32730	šaputati	VERB	430	109	1	шептать; подсказывать
32753	sumpor	NOUN	429	15	0	хим. сера
32884	procenjivati	VERB	427	204	0	оценивать
33139	babica	NOUN	422	15	0	акушерка
33144	jarbol	NOUN	422	15	0	мачта; флагшток
33323	neposlušnost	NOUN	419	15	0	непослушание, неповиновение
33362	tvor	NOUN	419	15	0	зоол. хорёк
33487	strateški	ADJ	416	184	0	стратегический
33516	ljigavac	NOUN	416	14	0	ихтиол. угорь; перен. скользкий тип, ловкач, изворотливый человек
33594	zubić	NOUN	414	15	0	сербская фамилия
33767	grmljavina	NOUN	411	15	0	метеорол. гроза
33808	bratić	NOUN	411	44	0	сербская фамилия
33828	pržiti	ADJ	410	102	0	жарить
33852	novinarstvo	NOUN	410	15	0	журналистика
33853	sakupljanje	NOUN	410	15	0	сбор, собирание; коллекционирование
33879	bilion	NOUN	410	15	0	триллион
34005	porod	NOUN	408	15	0	роды, рождение
34096	lignja	NOUN	406	17	0	зоол. кальмар
34146	puž	NOUN	406	15	0	зоол. улитка
34165	potcenjivati	VERB	405	102	0	недооценивать
34184	mlečan	ADJ	405	382	0	молочный
34350	oporuka	NOUN	402	15	0	юр. завещание
34383	beleg	NOUN	402	42	0	знак, отметина
34568	puniti	VERB	399	102	1	наполнять
34623	papak	NOUN	398	15	0	копыто
34636	kopirati	VERB	398	109	0	копировать
34641	škare	NOUN	398	7	0	ножницы
34713	vazduhoplovstvo	NOUN	397	15	0	авиация, воздухоплавание
34769	upitnik	NOUN	396	15	0	знак вопроса, вопросительный знак
34802	cimet	NOUN	395	15	0	корица
34804	ljaga	NOUN	395	17	0	позор, позорное пятно
34810	bombarder	NOUN	395	15	0	воен. бомбардировщик
34873	porudžbina	NOUN	394	15	0	заказ
34967	zavod	NOUN	393	15	0	заведение, учреждение; центр (научный и т. п.); институт
34970	obdanište	NOUN	393	15	0	ясли-сад
34973	bušilica	NOUN	393	14	0	дрель
35096	osamdeseti	ADJ	391	125	0	восьмидесятый
35097	hrkati	VERB	391	29	0	храпеть
35111	katastrofalan	ADJ	390	191	0	катастрофический, катастрофичный
35163	vulkanski	ADJ	390	62	0	вулканический
35228	svemoćan	ADJ	389	73	0	всемогущий; всесильный, всемощный
35270	riža	NOUN	388	15	0	рис
35330	gavran	NOUN	387	15	0	ворон
35520	sabotirati	VERB	385	109	0	саботировать
35589	tolerancija	NOUN	383	15	1	толерантность, терпимость
35750	pljusak	NOUN	381	22	1	ливень, проливной дождь
35957	sedmični	ADJ	378	63	0	еженедельный
35972	žbun	NOUN	378	16	0	куст
36004	trepavica	NOUN	378	15	0	ресница
36066	badnjak	NOUN	377	15	0	сербская фамилия
36209	fotografisati	VERB	375	109	0	фотографировать
36244	usev	NOUN	374	30	0	с.-х. посев (то, что посеяно)
36267	novorođenče	NOUN	374	14	0	новорождённый
36274	ukidanje	NOUN	374	15	0	отмена
36315	marljiv	ADJ	373	191	1	трудолюбивый, работящий
36607	barka	NOUN	369	20	0	лодка
36652	hrčak	NOUN	368	16	0	хомяк
36657	manjina	NOUN	368	15	0	меньшинство
36663	akademski	ADJ	368	184	0	академический
36670	mulj	NOUN	368	23	0	сербская фамилия
36734	jajašce	NOUN	367	17	0	анат. яйцеклетка
36760	vrabac	NOUN	367	15	1	орнитол. воробей
36761	mećava	NOUN	367	15	0	сербская фамилия
36766	arogancija	NOUN	367	15	0	нахальство, наглость, высокомерие, надменность
36769	predoziranje	NOUN	367	15	0	мед. передозировка
36870	ronilac	NOUN	365	14	0	аквалангист
36938	komercijalan	ADJ	364	191	0	коммерческий
37028	cvrčak	NOUN	363	14	0	цикада
37066	varnica	NOUN	363	42	0	искра
37073	oduzimanje	NOUN	363	15	0	матем. вычитание
37195	zelje	NOUN	361	15	0	капуста
37203	računovodstvo	NOUN	361	15	0	бухгалтерский учёт
37226	mekušac	NOUN	360	14	0	зоол. моллюск
37285	opatica	NOUN	360	14	0	церк. аббатиса; настоятельница
37368	uranijum	NOUN	358	15	0	уран, хим. химический элемент с атомным номером 92, обозначается химическим символом U, радиоактивный металл из группы т
37421	bezosećajan	ADJ	358	382	0	бесчувственный
37443	jegulja	NOUN	357	15	0	ихтиол. угорь (anguilla)
37526	livada	NOUN	356	15	0	сербская фамилия
37689	grm	NOUN	355	16	0	куст
37735	krafna	NOUN	354	16	0	пончик, пышка, пампушка
37799	nadbiskup	NOUN	353	15	0	архиепископ
37848	retorički	ADJ	352	62	0	риторический
37929	egzotičan	ADJ	351	191	0	экзотичный; экзотический
37957	kukavičluk	NOUN	351	15	0	трусость, трусливость, малодушие
37987	zapovedati	VERB	350	204	0	приказывать; распоряжаться
38112	helijum	NOUN	349	7	0	хим. гелий
38141	košnica	NOUN	348	14	2	улей
38240	jačina	NOUN	347	15	0	сила, мощность; интенсивность
38259	kamila	NOUN	347	22	0	зоол. верблюд
38490	adut	NOUN	344	15	0	козырь
38511	veleposlanik	NOUN	343	15	0	посол
38565	primena	NOUN	343	30	0	применение, использование
38641	nag	ADJ	342	191	0	голый, нагой
38736	rekreacija	NOUN	340	15	0	отдых
38776	bife	NOUN	340	15	0	буфет
38829	mehur	NOUN	339	30	0	пузырь; мочевой пузырь
39033	pepeljara	NOUN	336	15	0	пепельница
39049	ljubičica	NOUN	336	15	0	ботан. фиалка
39251	pilence	NOUN	334	17	0	цыплёнок
39373	svetiljka	NOUN	333	47	0	лампа
39499	žulj	NOUN	331	23	0	волдырь
39579	brijati	VERB	330	102	0	брить
39757	mašna	NOUN	328	16	0	бант
39851	šapat	NOUN	327	29	1	шёпот
39900	prestonica	NOUN	326	16	0	столица
39927	posvećivati	VERB	326	102	0	посвящать
40039	paralelan	ADJ	325	191	0	геометр. параллельный
40048	šara	NOUN	325	15	0	рисунок; узор, украшение, орнамент
40103	lala	NOUN	324	22	0	ботан. тюльпан (Tulipa)
40222	hemičar	NOUN	323	17	0	химик
40234	nezaposlenost	NOUN	323	15	0	безработица
40235	preduzetnik	NOUN	323	15	0	предприниматель
40260	revolucionaran	ADJ	322	191	0	революционный
40276	moljac	NOUN	322	14	0	сербская фамилия
40415	šija	NOUN	320	15	0	анат. шея
40572	odjek	NOUN	319	15	0	эхо
40689	tropski	ADJ	317	62	0	геогр. тропический
40710	jazavac	NOUN	317	14	0	барсук
40729	pegla	NOUN	317	16	0	утюг
40752	konjanik	NOUN	317	15	0	всадник, наездник
40883	poljoprivreda	NOUN	315	15	0	сельское хозяйство
40949	halucinirati	VERB	314	109	0	галлюцинировать
41061	pile	NOUN	313	14	0	птенец
41077	napomenuti	VERB	313	102	0	указать; напомнить
41118	ljudstvo	NOUN	313	15	0	человечество
41218	pega	NOUN	311	30	0	веснушка
41496	tvrdoglavost	NOUN	309	15	0	упрямство, упёртость
41592	sirće	NOUN	307	22	0	уксус
41675	izjednačiti	ADJ	307	102	0	приравнять, сравнить, уподобить
41858	srbin	NOUN	305	30	3	серб
41890	trska	NOUN	304	16	0	ботан. тростник (Phragmites)
41905	preobražaj	NOUN	304	15	0	превращение, преображение (часто внешнее, в лучшую сторону); перемена, изменение (к лучшему)
41931	blagajna	NOUN	304	16	0	кассовый аппарат
42087	presađivanje	NOUN	302	15	0	пересадка (посадка на другое место)
42207	rupica	NOUN	301	15	0	петля (прорез в одежде для застёгивания)
42269	hijena	NOUN	300	15	1	зоол. гиена (hyaena)
42315	promaja	NOUN	300	15	0	сквозняк
42348	kreda	NOUN	299	15	1	мел (минерал)
42661	zastrašivanje	NOUN	296	15	0	устрашение
42726	kavana	NOUN	296	15	0	кафе, кофейня
42736	slikarstvo	NOUN	295	15	0	искусств. живопись
42797	njušiti	VERB	295	102	0	нюхать, обонять; вынюхивать, разнюхивать
42825	galeb	NOUN	295	23	0	орнитол. чайка
43009	vinograd	NOUN	293	15	1	виноградник
43028	hobotnica	NOUN	293	14	0	осьминог
43046	autentičan	ADJ	293	191	0	достоверный, подлинный
43194	čova	NOUN	291	14	0	сербская фамилия
43226	krunisanje	NOUN	291	15	0	коронация, коронование
43245	dijagram	NOUN	290	15	0	диаграмма
43480	bakalar	NOUN	288	15	0	зоол. треска (Gadus morhua L.)
43523	glazben	ADJ	288	132	0	музыкальный
43636	upadljiv	ADJ	287	191	0	заметный, яркий, бросающийся в глаза
43758	sakupljač	NOUN	286	16	0	собиратель, коллекционер; накопитель
43846	jednook	ADJ	285	191	0	одноглазый
43864	pevac	NOUN	285	56	0	сербская фамилия
43907	guja	NOUN	285	15	0	зоол. змея (serpens)
44089	postanak	NOUN	283	15	0	возникновение
44162	alatka	NOUN	282	16	0	инструмент
44198	komentarisati	VERB	282	102	0	комментировать
44335	obraćanje	NOUN	281	15	0	обращение
44394	istaći	VERB	280	96	1	подчеркнуть, выделить; выдвинуть, выставить
44413	desnica	NOUN	280	15	0	От ст.-слав. "десн"- "правый"
44589	paun	NOUN	278	15	0	павлин
44762	dopisnik	NOUN	277	15	0	корреспондент, репортёр
44821	oduševljenje	NOUN	276	15	0	воодушевление
44892	mačevalac	NOUN	276	14	0	фехтовальщик
44899	odbojka	NOUN	276	16	0	спорт. волейбол
45015	katran	NOUN	275	15	0	хим. гудрон
45072	skakavac	NOUN	274	14	0	сербская фамилия
45294	uspavanka	NOUN	273	16	0	колыбельная песня
45305	zahvalnica	NOUN	272	15	0	благодарность
45407	strika	NOUN	272	14	0	сербская фамилия
45513	štampač	NOUN	271	15	1	принтер
45599	apsorbovati	VERB	270	109	0	поглощать, абсорбировать
45618	dobro	NOUN	270	18	91	хорошо
45622	pedeseti	ADJ	270	126	0	пятидесятый
45700	ljudina	NOUN	269	15	0	большой человек
45737	badava	ADV	269	1	0	бесплатно
45774	amonijak	NOUN	268	7	0	аммиак
45889	pekmez	NOUN	267	16	0	мармелад
45894	vrtlar	NOUN	267	17	0	садовник
46020	odvijač	NOUN	266	15	0	техн. отвёртка
46238	kobac	NOUN	265	15	0	сербская фамилия
46333	indirektan	ADJ	264	191	0	косвенный, опосредованный, непрямой
46350	balistički	ADJ	264	62	0	баллистический
46408	neograničen	ADJ	263	73	0	неограниченный; безграничный
46437	mermer	NOUN	263	15	0	геол. мрамор
46674	posetnica	NOUN	261	30	0	визитная карточка, визитка
46806	ćup	NOUN	260	16	0	сербская фамилия
46863	milovati	VERB	260	102	0	ласкать
46911	osovina	NOUN	259	15	0	ось
46922	transformisati	VERB	259	109	0	трансформировать, преобразовывать, превращать; (~ се) трансформироваться, преобразовываться, превращаться
46932	žvakati	VERB	259	102	0	жевать
46933	kovanica	NOUN	259	15	0	монета
46942	sneško	NOUN	259	30	0	снеговик
46944	novinski	ADJ	259	184	0	относящийся к прессе или новостям
47026	dušnik	NOUN	259	15	0	анат. гортань; дыхательное горло
47119	otpuštati	VERB	258	102	0	увольнять
47176	automobilski	ADJ	257	184	0	автомобильный
47195	antraks	NOUN	257	7	0	мед. сибирская язва
47200	neminovan	ADJ	257	191	2	неизбежный, неминуемый
47450	površinski	ADJ	255	62	0	поверхностный
47608	pešačenje	NOUN	254	30	0	ходьба
47730	limen	ADJ	253	191	0	жестяной
47744	prase	NOUN	253	14	0	поросёнок
47821	bezalkoholan	ADJ	252	191	1	безалкогольный
47969	žlica	NOUN	251	15	0	ложка
48039	celer	NOUN	251	15	0	ботан. сельдерей (Apium)
48134	šahovski	ADJ	250	184	0	шахматный
48297	raskršće	NOUN	249	15	0	перекрёсток
48336	porcelan	NOUN	248	15	1	фарфор
48383	nesanica	NOUN	248	14	0	бессонница
48471	alhemičar	NOUN	247	17	0	алхимик
48546	mađarski	ADJ	247	184	1	венгерский
48968	pajser	NOUN	244	15	0	гвоздодёр
48990	bodlja	NOUN	243	16	0	шип; жало
49063	jugozapad	NOUN	243	7	0	юго-запад
49108	angažman	NOUN	242	15	0	ангажемент
49261	asocijacija	NOUN	241	15	0	ассоциация
49580	prefinjen	ADJ	239	264	0	изящный
49724	težiti	VERB	238	29	2	весить
49741	nestašica	NOUN	238	15	0	недостаток, нехватка, отсутствие
49771	jeka	NOUN	238	15	0	эхо
49916	biciklist	NOUN	237	15	0	велосипедист
49938	ambis	NOUN	237	15	0	бездна, пропасть
