rank	key	show	pos	ru	verdict	note
2	biti		глаг.	быть	+	
37	hteti		глаг.	хотеть	+	
66	mnogo		нареч.	много	+	
75	trebati		глаг.	нужно, надо; быть нужным	+	
81	kada		нареч.	когда	+	
82	nemati		глаг.	не иметь; nema — нет	+	
101	želeti	željeti	глаг.	хотеть, желать	+	
105	stvarno		нареч.	правда, действительно	+	
151	značiti		глаг.	значить	+	
155	žao		нареч.	жаль	+	
168	izgledati		глаг.	выглядеть, казаться	+	
189	voliti		глаг.		-	хорв. вариант, в словаре есть voleti
214	toliko		нареч.	столько, настолько	+	
218	video		сущ.	видео	+	
224	veoma		нареч.	очень	+	
235	upravo		нареч.	как раз, именно; только что	+	
243	sigurno		нареч.	наверняка, точно	+	
245	jednom		нареч.	однажды, один раз	+	
258	puno		нареч.	много	+	
260	lepo	lijepo	нареч.	красиво, хорошо	+	
265	pravo		сущ.	право; прямо	+	
266	jako		нареч.	очень; сильно	+	
271	izviniti		глаг.	извинить	+	
272	daleko		нареч.	далеко	+	
279	dosta		нареч.	достаточно, хватит; довольно	+	
293	uraditi		глаг.	сделать	+	
295	desiti	desiti se	глаг.	случиться	+	
296	sranje		сущ.		-	брань
298	pomoći		глаг.	помочь	+	
299	ponovo		нареч.	снова, опять	+	
306	zaista		нареч.	действительно, правда	+	
313	pogledati		глаг.	посмотреть	+	
314	siguran		прил.	уверенный; надёжный	+	
318	par		сущ.	пара; пару, несколько	+	
320	dugo		нареч.	долго	+	
325	previše		нареч.	слишком	+	
328	večeras		нареч.	сегодня вечером	+	
339	isto		нареч.	то же самое, одинаково	+	
342	teško		нареч.	трудно, тяжело	+	
347	nadati	nadati se	глаг.	надеяться	+	
349	super		нареч.	супер, отлично	+	
361	pravi		прил.	настоящий	+	лемма у srLex — prav
365	dešavati	dešavati se	глаг.	происходить	+	
376	sviđati	sviđati se	глаг.	нравиться	+	
383	pustiti		глаг.	отпустить; пустить	+	
391	verovatno	vjerovatno	нареч.	вероятно, наверное	+	
393	istina		сущ.	правда, истина	+	
394	velik		прил.	большой	+	
398	dogoditi	dogoditi se	глаг.	случиться	+	
405	tačno		нареч.	точно	+	
407	buditi		глаг.		-	слово есть — «будить», но место в списке ему дала чужая форма budi (от biti)
413	činiti		глаг.	делать; казаться (činiti se)	+	
418	dete	dijete	сущ.	ребёнок	+	
425	otići		глаг.	уйти, уехать	+	
432	zapravo		нареч.	на самом деле	+	
442	vratiti		глаг.	вернуть; вернуться (vratiti se)	+	
447	bar		сущ.	бар; хотя бы	+	
453	tip		сущ.	тип; парень	+	
459	stati		глаг.	встать, остановиться; поместиться	+	
461	prestati		глаг.	перестать, прекратить	+	
480	dolar		сущ.	доллар	+	
486	takođe		нареч.	тоже, также	+	лемма у srLex — također
494	uskoro		нареч.	скоро	+	
495	sjajno		нареч.	отлично, блестяще	+	
498	jednostavno		нареч.	просто	+	
502	trenutak		сущ.	момент, миг	+	
503	potpuno		нареч.	совершенно, полностью	+	
508	uopšte		нареч.	вообще, совсем	+	
510	briga		сущ.	забота, беспокойство	+	
513	brinuti		глаг.	беспокоиться (brinuti se); заботиться	+	
514	rano		нареч.	рано	+	
516	stalno		нареч.	постоянно	+	
531	osećati	osjećati	глаг.	чувствовать (osjećati se)	+	
532	valjda		нареч.	наверное, пожалуй	+	
534	hala		сущ.		-	ошибка разбора: halo — «алло»
536	spreman		прил.	готовый	+	
539	lako		нареч.	легко	+	
546	jedini		прил.	единственный	+	
552	ozbiljno		нареч.	серьёзно	+	
553	čudan		прил.	странный	+	
557	pol		сущ.		-	ошибка разбора: pola — «половина»
562	pretpostavljati		глаг.	предполагать	+	
566	svet	svijet	сущ.	мир, свет; люди	+	
568	zvučiti		глаг.	звучать	+	
576	drag		прил.	дорогой, милый	+	
583	jasno		нареч.	ясно, понятно	+	
584	slučaj		сущ.	случай	+	
589	kolo		сущ.		-	слово есть — «колесо; хоровод», но место в списке ему дала форма kola — «машина»
591	događati	događati se	глаг.	происходить	+	
594	paziti		глаг.	следить, беречь; осторожно!	+	
597	ikada		нареч.	когда-нибудь	+	
599	oprostiti		глаг.	простить	+	
605	osoba		сущ.	человек, личность	+	
607	polako		нареч.	медленно, потихоньку	+	
610	učiniti		глаг.	сделать	+	
616	prilično		нареч.	довольно, достаточно	+	
624	ceo	cio	прил.	целый, весь	+	лемма у srLex — cijel
637	voditi		глаг.	вести; водить	+	
643	pojam		сущ.	понятие; nemam pojma — понятия не имею	+	
654	gospoda		сущ.	господа	+	
655	ostati		глаг.	остаться	+	
657	sinoć		нареч.	вчера вечером	+	
667	važiti		глаг.	считаться, быть в силе; važi — договорились	+	
672	dečko		сущ.	парень; бойфренд	+	
675	napolje		нареч.	наружу, на улицу	+	
694	izgubiti		глаг.	потерять; проиграть	+	
695	napraviti		глаг.	сделать	+	
696	nekako		нареч.	как-то	+	
701	sećati	sjećati se	глаг.	помнить, вспоминать	+	
720	divno		нареч.	чудесно, прекрасно	+	
722	jedino		нареч.	единственно, только	+	
725	sediti		глаг.		-	дубль: в словаре есть sedeti
726	zaboraviti		глаг.	забыть	+	
728	ikad		нареч.	когда-нибудь	+	
737	ostaviti		глаг.	оставить	+	
741	mrziti		глаг.	ненавидеть	+	
744	poruka		сущ.	сообщение, послание	+	
750	razgovarati		глаг.	разговаривать	+	
755	sinuti		глаг.		-	слово есть — «засиять», но место в списке ему дала форма sine — «сынок»
762	pokušavati		глаг.	пытаться	+	
765	obojiti		глаг.	покрасить	+	
768	kapetan		сущ.	капитан	+	
779	bojati	bojati se	глаг.	бояться	+	
797	bratiti		глаг.		-	слово есть — «брататься», но место в списке ему дала форма brate — «брат» (зват.)
807	doktor		сущ.	врач, доктор	+	
809	dama		сущ.	дама	+	
810	bok		сущ.		-	хорв. «привет»
818	ostali		прил.	остальные	+	
819	pokušati		глаг.	попробовать, попытаться	+	
836	otvoriti		глаг.	открыть	+	
837	boleti	boljeti	глаг.	болеть (о боли)	+	
854	nastaviti		глаг.	продолжить	+	
856	lud		прил.	сумасшедший	+	
860	gđa		сущ.		-	сокращение
861	konačno		нареч.	наконец	+	
865	obično		нареч.	обычно	+	
868	jutros		нареч.	сегодня утром	+	
870	jedva		нареч.	едва, с трудом	+	
872	smešno	smiješno	нареч.	смешно	+	
880	poslati		глаг.	послать, отправить	+	
888	očigledno		нареч.	очевидно	+	
889	početi		глаг.	начать	+	
892	svakako		нареч.	обязательно, конечно	+	
904	strašno		нареч.	страшно; очень	+	
905	sledeći	sljedeći	прил.	следующий	+	
913	barem		нареч.	хотя бы	+	
915	savršeno		нареч.	отлично, идеально	+	
917	družiti	družiti se	глаг.	дружить, общаться	+	
921	kriv		прил.	виноватый	+	
930	vest	vijest	сущ.	новость	+	
932	sasvim		нареч.	совсем, вполне	+	
940	roditelj		сущ.	родитель	+	
951	proći		глаг.	пройти	+	
955	iskreno		нареч.	искренне, честно	+	
960	inače		нареч.	иначе; вообще-то	+	
967	zabavno		нареч.	весело, забавно	+	
976	jeben		прил.		-	брань
981	đavo		сущ.	чёрт, дьявол	+	лемма у srLex — đavol
986	prilika		сущ.	возможность, шанс	+	
989	požuriti		глаг.	поторопиться	+	
991	nemoguć		прил.	невозможный	+	
995	napolju		нареч.	на улице, снаружи	+	
996	drugačije		нареч.	по-другому	+	
999	staviti		глаг.	положить, поставить	+	
1001	jebeno		нареч.		-	брань
1003	vrsta		сущ.	вид, сорт	+	
1006	bitan		прил.	важный	+	
1007	shvatati		глаг.	понимать	+	
1010	kleti	kleti se	глаг.	клясться	+	
1011	neverovatno	nevjerovatno	нареч.	невероятно	+	
1018	poznavati		глаг.	знать (кого-то)	+	
1023	ticati	ticati se	глаг.	касаться	+	
1034	vraćati		глаг.	возвращать; возвращаться (vraćati se)	+	
1041	obećavati		глаг.	обещать	+	
1054	gđica		сущ.		-	сокращение
1058	napad		сущ.	нападение	+	
1060	sačekati		глаг.	подождать	+	
1062	zatvor		сущ.	тюрьма	+	
1063	pokušaj		сущ.	попытка	+	
1064	dom		сущ.	дом, родной дом	+	
1065	sem		сущ.		-	ошибка разбора: sem — предлог «кроме»
1067	zauvek	zauvijek	нареч.	навсегда	+	
1080	lično		нареч.	лично	+	
1083	znak		сущ.	знак	+	
1085	razgovor		сущ.	разговор	+	
1099	prokletstvo		сущ.	проклятие	+	
1113	počinjati		глаг.	начинать	+	
1114	ured		сущ.		-	ошибка разбора: u redu — «в порядке»
1117	izvoleti	izvoljeti	глаг.	izvolite — пожалуйста, прошу	+	
1121	točno		нареч.		-	хорв. вариант tačno
1125	upoznati		глаг.	познакомиться; узнать	+	
1128	natrag		нареч.		-	хорв. вариант, в словаре есть nazad
1135	čast		сущ.	честь	+	
1141	kladiti	kladiti se	глаг.	спорить на что-то, держать пари	+	
1147	prevod		сущ.	перевод	+	
1150	uspeti	uspjeti	глаг.	суметь, удаться	+	
1156	pogled		сущ.	взгляд; вид	+	
1173	nedostajati		глаг.	не хватать; скучать по (nedostaješ mi)	+	
1184	usluga		сущ.	услуга, одолжение	+	
1188	ući		глаг.	войти	+	
1189	ovuda		нареч.	сюда, этой дорогой	+	
1190	okolo		нареч.	вокруг	+	
1195	nekada		нареч.	когда-то	+	
1204	bežati	bježati	глаг.	убегать, бежать	+	
1215	slobodno		нареч.	свободно; смело, можно	+	
1216	glupo		нареч.	глупо	+	
1218	kafa		сущ.	кофе	+	
1221	radij		сущ.		-	ошибка разбора: radije — «охотнее»
1223	moć		сущ.	сила, мощь	+	
1229	gospođica		сущ.	барышня, госпожа	+	
1232	čestitati		глаг.	поздравить	+	
1238	javiti		глаг.	сообщить, дать знать	+	
1247	užasno		нареч.	ужасно	+	
1248	stanje		сущ.	состояние	+	
1255	dupe		сущ.		-	грубое
1256	definitivno		нареч.	определённо	+	
1258	dvojica		сущ.	двое (мужчин)	+	
1270	pomisliti		глаг.	подумать	+	
1278	spustiti		глаг.	опустить	+	
1302	vjerojatno		нареч.		-	хорв. вариант verovatno
1303	ustvari		нареч.	на самом деле	+	
1305	odvesti		глаг.	отвезти, отвести	+	
1309	izaći		глаг.	выйти	+	
1314	opustiti	opustiti se	глаг.	расслабиться	+	лемма у srLex — opusteti
1324	obzir		сущ.	внимание; bez obzira — несмотря на	+	
1325	pozvati		глаг.	позвать, пригласить; позвонить	+	
1326	potreba		сущ.	потребность, нужда	+	
1330	odjednom		нареч.	вдруг	+	
1333	slagati	slagati se	глаг.	соглашаться	+	
1342	pomalo		нареч.	немного	+	
1350	kreniti		глаг.		-	ошибка разбора: kreni — от krenuti
1356	pratiti		глаг.	следить, следовать; провожать	+	
1361	praviti		глаг.	делать	+	
1362	ludo		нареч.	безумно	+	
1363	karta		сущ.	билет; карта	+	
1364	umuknuti		глаг.	замолчать	+	
1368	račun		сущ.	счёт	+	
1371	prosto		нареч.	просто	+	
1378	ionako		нареч.	всё равно, и так	+	
1391	zadovoljstvo		сущ.	удовольствие	+	
1392	naučiti		глаг.	выучить, научиться	+	
1403	izvinjavati	izvinjavati se	глаг.	извиняться	+	
1406	slučajno		нареч.	случайно	+	
1408	srećno		нареч.	удачи; счастливо	+	
1410	duboko		нареч.	глубоко	+	
1414	baciti		глаг.	бросить	+	
1422	doneti	donijeti	глаг.	принести	+	
1423	pasti		глаг.	упасть	+	
1429	visiti		глаг.	висеть	+	
1436	ukrasti		глаг.	украсть	+	
1439	skroz		нареч.	совсем, полностью	+	
1440	šaliti	šaliti se	глаг.	шутить	+	
1454	prokti		глаг.		-	ошибка разбора: prokleti — «проклятый»
1459	sjajan		прил.	отличный, блестящий	+	
1460	voziti		глаг.	водить машину, ехать	+	
1462	pažljivo		нареч.	внимательно, осторожно	+	
1463	skloniti		глаг.	убрать; укрыться (skloniti se)	+	лемма у srLex — sklon
1465	dozvoliti		глаг.	разрешить	+	
1468	ser		сущ.		-	кинолексика: «сэр»
1474	iznenađenje		сущ.	сюрприз, неожиданность	+	
1475	svejedno		нареч.	всё равно	+	
1476	sretan		прил.		-	дубль: в словаре есть srećan
1483	otkad		нареч.	с каких пор; с тех пор как	+	
1495	prekinuti		глаг.	прервать, прекратить	+	
1496	čudo		сущ.	чудо	+	
1503	tajna		сущ.	тайна, секрет	+	
1509	ličiti		глаг.	быть похожим	+	
1511	mišljenje		сущ.	мнение	+	
1526	mera	mjera	сущ.	мера	+	
1527	krenuti		глаг.	тронуться, отправиться	+	
1530	uglavnom		нареч.	в основном	+	
1534	mnogi		прил.	многие	+	
1539	nigde	nigdje	нареч.	нигде	+	
1543	izvući		глаг.	вытащить	+	
1545	saznati		глаг.	узнать	+	
1554	fino		нареч.	хорошо, славно	+	
1559	normalno		нареч.	нормально; конечно	+	
1562	glup		прил.	глупый	+	
1566	trag		сущ.	след	+	
1567	dovesti		глаг.	привести, привезти	+	
1574	nazvati		глаг.	позвонить; назвать	+	
1576	udariti		глаг.	ударить	+	
1578	test		сущ.	тест	+	
1580	pametan		прил.	умный	+	
1582	odličan		прил.	отличный	+	
1587	prijateljica		сущ.	подруга	+	
1605	čuvati		глаг.	беречь, хранить, охранять	+	
1606	probuditi		глаг.	разбудить; проснуться (probuditi se)	+	
1609	nikako		нареч.	никак	+	
1613	cipela		сущ.	туфля, ботинок	+	
1614	dobrodošao		прил.	добро пожаловать	+	
1623	zaustaviti		глаг.	остановить	+	
1625	smeti	smjeti	глаг.	сметь, можно	+	
1634	klub		сущ.	клуб	+	
1639	mirno		нареч.	спокойно, тихо	+	
1641	probati		глаг.	попробовать	+	
1644	davno		нареч.	давно	+	
1646	don		сущ.		-	кинолексика
1650	ozbiljan		прил.	серьёзный	+	
1652	obojica		сущ.	оба	+	
1660	delovati	djelovati	глаг.	действовать; казаться	+	
1664	prsten		сущ.	кольцо	+	
1666	obećati		глаг.	пообещать	+	
1668	pobeći	pobjeći	глаг.	убежать, сбежать	+	
1671	čisto		нареч.	чисто	+	
1675	nažalost		нареч.	к сожалению	+	
1680	lik		сущ.	персонаж; тип	+	
1683	dopadati	dopadati se	глаг.	нравиться	+	
1684	slično		нареч.	похоже, подобно	+	
1690	vana		сущ.		-	хорв. vani — «снаружи»
1693	trudna		прил.	беременная	+	лемма у srLex — trudan
1695	nevolja		сущ.	беда, неприятность	+	
1701	ljut		прил.	сердитый; острый	+	
1707	odmor		сущ.	отдых, отпуск	+	
1711	desno		нареч.	направо, справа	+	
1714	rado		нареч.	охотно, с удовольствием	+	
1716	zavisiti		глаг.	зависеть	+	
1720	metar		сущ.	метр	+	
1727	ostajati		глаг.	оставаться	+	
1733	srediti		глаг.	уладить, привести в порядок	+	
1737	očito		нареч.	очевидно	+	
1739	prekasno		нареч.	слишком поздно	+	лемма у srLex — prekasan
1754	snaga		сущ.	сила	+	
1770	razmisliti		глаг.	подумать, обдумать	+	
1771	pola		нареч.	половина, пол-	+	
1780	vrediti	vrijediti	глаг.	стоить, иметь цену	+	
1788	usput		нареч.	по пути, кстати	+	
1815	pristup		сущ.	доступ; подход	+	
1824	zbilja		нареч.	действительно, правда	+	
1837	prošlost		сущ.	прошлое	+	
1842	let		сущ.	полёт; рейс	+	
1867	zatvoriti		глаг.	закрыть	+	
1868	ugovor		сущ.	договор	+	
1869	devojčica	djevojčica	сущ.	девочка	+	
1870	otkriti		глаг.	открыть, обнаружить	+	
1871	spavanje		сущ.	сон	+	
1874	obrada		сущ.	обработка	+	
1880	spasiti		глаг.	спасти	+	
1882	sara		сущ.		-	имя
1892	pokret		сущ.	движение	+	
1893	savet	savjet	сущ.	совет	+	
1906	totalno		нареч.	совершенно, полностью	+	
1918	detektiv		сущ.	детектив	+	
1925	zamisliti		глаг.	представить	+	
1927	kasniti		глаг.	опаздывать	+	лемма у srLex — kasan
1935	odgovoriti		глаг.	ответить	+	
1937	odluka		сущ.	решение	+	
1939	tiho		нареч.	тихо	+	
1953	otkaz		сущ.	увольнение	+	
1955	pojaviti	pojaviti se	глаг.	появиться	+	
1957	udarac		сущ.	удар	+	
1964	tjedan		сущ.		-	хорв. «неделя»
1978	taksi		сущ.	такси	+	
1981	popodne		сущ.	после обеда, днём	+	
1986	mamiti		глаг.		-	слово есть — «манить», но место в списке ему дала форма mami — «маме»
1987	umirati		глаг.	умирать	+	
1995	napokon		нареч.	наконец	+	
1996	uveče		нареч.	вечером	+	
2004	levo	lijevo	нареч.	налево, слева	+	
2007	umoran		прил.	усталый	+	
2008	krivica		сущ.	вина	+	
2014	fer		нареч.	честно, по-честному	+	
2017	napustiti		глаг.	покинуть, бросить	+	
2027	pobrinuti	pobrinuti se	глаг.	позаботиться	+	
2029	kutak		сущ.		-	ошибка разбора: kući — «домой»
2036	gej		сущ.		-	не для словаря
2038	obožavati		глаг.	обожать	+	
2040	provesti		глаг.	провести	+	
2049	mrdati		глаг.	шевелиться, двигаться	+	
2057	venčanje	vjenčanje	сущ.	свадьба, венчание	+	
2058	kancelarija		сущ.	контора, офис	+	
2062	promeniti	promijeniti	глаг.	изменить, поменять	+	
2064	proveriti	provjeriti	глаг.	проверить	+	
2068	odeća	odjeća	сущ.	одежда	+	
2074	noćas		нареч.	сегодня ночью	+	
2084	funta		сущ.	фунт	+	
2092	prevesti		глаг.	перевести	+	
2096	popričati		глаг.	поговорить	+	
2099	trčati		глаг.	бегать, бежать	+	
2104	grozno		нареч.	ужасно, отвратительно	+	
2105	trajati		глаг.	длиться	+	
2118	osećanje	osjećanje	сущ.	чувство	+	
2119	veličanstvo		сущ.		-	кинолексика: «величество»
2124	podatak		сущ.	данные, сведение	+	
2126	uhvatiti		глаг.	поймать, схватить	+	
2131	valjati		глаг.	годиться; ne valja — плохо	+	
2137	droga		сущ.	наркотик	+	
2140	pozadi		нареч.	сзади	+	
2148	primetiti	primijetiti	глаг.	заметить	+	
2153	skinuti		глаг.	снять	+	
2157	bivši		прил.	бывший	+	
2158	heroj		сущ.	герой	+	
2165	pošteno		нареч.	честно	+	
2172	izlaz		сущ.	выход	+	
2177	zapamtiti		глаг.	запомнить	+	
2179	zabrinut		прил.	обеспокоенный	+	
2180	ustati		глаг.	встать	+	
2189	ček		сущ.	чек (банковский)	+	
2197	drugar		сущ.	приятель, друг	+	
2208	momče		сущ.	парнишка	+	
2211	zadržati		глаг.	задержать, оставить себе	+	
2216	den		сущ.		-	имя
2221	vojska		сущ.	армия	+	
2222	predivno		нареч.	прекрасно, чудесно	+	
2226	dopustiti		глаг.	позволить	+	
2227	činjenica		сущ.	факт	+	
2228	nijedan		прил.	ни один	+	
2236	uništiti		глаг.	уничтожить	+	
2246	madam		сущ.		-	кинолексика
2250	dosadno		нареч.	скучно	+	
2260	nedavno		нареч.	недавно	+	
2264	odvratno		нареч.	отвратительно	+	
2266	ceniti	cijeniti	глаг.	ценить	+	
2269	sramota		сущ.	позор, стыд	+	
2275	blago		нареч.	мягко, слегка	+	
2282	meta		сущ.	мишень, цель	+	
2284	boriti	boriti se	глаг.	бороться	+	
2288	pametno		нареч.	умно	+	
2291	dogovoriti	dogovoriti se	глаг.	договориться	+	
2293	kopile		сущ.		-	брань
2301	vođa		сущ.	вождь, лидер	+	
2302	tetka		сущ.	тётя	+	
2308	plus		сущ.	плюс	+	
2309	mozgati		глаг.		-	слово есть — «размышлять», но место в списке ему дала форма mozga — «мозга»
2310	ukus		сущ.	вкус	+	
2314	kratko		нареч.	коротко, ненадолго	+	
2318	govno		сущ.		-	брань
2322	operacija		сущ.	операция	+	
2325	otprilike		нареч.	примерно	+	
2329	drugačiji		прил.	другой, иной	+	
2332	curiti		глаг.		-	слово есть — «течь, капать», но место в списке ему дала форма cure — «девушки»
2344	kutija		сущ.	коробка	+	
2348	čudovište		сущ.	чудовище	+	
2354	iznenada		нареч.	внезапно	+	
2366	mobilni		прил.	мобильный; мобильник	+	лемма у srLex — mobilan
2368	prokleto		нареч.		-	брань
2370	pobediti	pobijediti	глаг.	победить	+	
2383	član		сущ.	член (группы)	+	
2386	grudi		сущ.	грудь	+	
2389	gomila		сущ.	куча, толпа	+	
2396	pucati		глаг.	стрелять	+	
2398	odnos		сущ.	отношение; отношения	+	
2405	pročitati		глаг.	прочитать	+	
2408	dugovati		глаг.	быть должным	+	
2415	makar		нареч.	хотя бы	+	
2422	profesor		сущ.	профессор, преподаватель	+	
2423	fantastično		нареч.	фантастически	+	
2434	proklet		прил.		-	брань
2435	začepiti		глаг.		-	грубое «заткнись»
2436	naročito		нареч.	особенно	+	
2441	kamera		сущ.	камера	+	
2445	poludeti	poludjeti	глаг.	сойти с ума	+	
2446	kretati		глаг.	двигаться (kretati se); отправляться	+	
2457	trik		сущ.	трюк, фокус	+	
2468	milja		сущ.	миля	+	
2478	pogoditi		глаг.	угадать; попасть	+	
2484	tim		сущ.	команда	+	
2487	đubre		сущ.	мусор	+	
2501	nivo		сущ.	уровень	+	
2502	zaljubljen		прил.	влюблённый	+	
2504	poći		глаг.	пойти, отправиться	+	
2510	visoko		нареч.	высоко	+	
2511	vruće		нареч.	жарко, горячо	+	
2522	prodati		глаг.	продать	+	
2529	predstavljati		глаг.	представлять	+	
2530	osiguranje		сущ.	страховка; охрана	+	
2535	izabrati		глаг.	выбрать	+	
2543	letiti		глаг.	лететь	+	
2553	dirati		глаг.	трогать	+	
2557	odgovoran		прил.	ответственный	+	
2567	faliti		глаг.	не хватать	+	
2574	kučka		сущ.		-	брань
2575	nasamo		нареч.	наедине	+	
2583	vrag		сущ.	чёрт	+	
2586	gazda		сущ.	хозяин	+	
2587	ubrzo		нареч.	вскоре	+	
2591	potez		сущ.	ход, шаг	+	
2592	zavezati		глаг.	завязать	+	
2601	žurka		сущ.	вечеринка	+	
2602	kučkin		прил.		-	брань
2603	stoj		сущ.		-	ошибка разбора: stoj — «стой»
2611	pogrešiti	pogriješiti	глаг.	ошибиться	+	
2615	priznati		глаг.	признать, признаться	+	
2617	odrastati		глаг.	расти, взрослеть	+	
2618	visost		сущ.		-	кинолексика: «высочество»
2626	cveće	cvijeće	сущ.	цветы	+	
2627	ces		сущ.		-	ошибка разбора
2628	oženiti		глаг.	жениться (oženiti se)	+	
2631	žaliti		глаг.	жалеть; жаловаться	+	
2638	zgodan		прил.	красивый, симпатичный; удобный	+	
2642	uključivati		глаг.	включать	+	
2643	ispravno		нареч.	правильно	+	
2644	direktno		нареч.	прямо, напрямую	+	
2645	dobijati		глаг.	получать	+	
2651	bomba		сущ.	бомба	+	
2654	odelo	odijelo	сущ.	костюм	+	
2661	dvaput		нареч.	дважды	+	
2672	rezultat		сущ.	результат	+	
2686	upaliti		глаг.	включить, зажечь	+	
2692	širom		нареч.	по всему (širom svijeta)	+	
2697	prijatno		нареч.	приятно; prijatno! — приятного аппетита	+	
2702	odjeb		сущ.		-	брань
2706	čitav		прил.	целый	+	
2712	predlagati		глаг.	предлагать	+	
2718	iskustvo		сущ.	опыт	+	
2721	doista		нареч.	действительно	+	
2725	micati		глаг.	двигать; уходить (micati se)	+	
2731	poenta		сущ.	смысл, суть	+	
2732	jelo		сущ.	блюдо, еда	+	
2734	stanica		сущ.	остановка, станция	+	
2744	zahvaliti		глаг.	поблагодарить	+	
2745	miran		прил.	спокойный	+	
2751	strava		сущ.	ужас	+	
2752	ponašati	ponašati se	глаг.	вести себя	+	
2773	napasti		глаг.	напасть	+	
2777	bobi		сущ.		-	имя
2783	uostalom		нареч.	впрочем	+	
2784	zezati		глаг.	подшучивать, подкалывать	+	
2788	ujak		сущ.	дядя (брат матери)	+	
2793	sretno		нареч.		-	дубль: srećno
2794	naređenje		сущ.	приказ	+	
2800	prihvatiti		глаг.	принять	+	
2812	svedok	svjedok	сущ.	свидетель	+	
2814	propustiti		глаг.	пропустить, упустить	+	
2829	međuvreme	međuvrijeme	сущ.	u međuvremenu — тем временем	+	
2832	izuzetno		нареч.	исключительно	+	
2833	braća		сущ.	братья	+	
2837	uho		сущ.	ухо	+	
2844	zamalo		нареч.	чуть не	+	
2849	donositi		глаг.	приносить	+	
2862	šerif		сущ.		-	кинолексика
2874	neobično		нареч.	необычно	+	
2876	smrditi		глаг.	вонять	+	
2880	povrediti	povrijediti	глаг.	ранить, обидеть	+	
2887	želja		сущ.	желание	+	
2892	ispasti		глаг.	выпасть; оказаться	+	
2898	udati	udati se	глаг.	выйти замуж	+	
2903	osnova		сущ.	основа	+	
2908	tužno		нареч.	грустно	+	
2914	kriti		глаг.	скрывать	+	
2920	iznutra		нареч.	изнутри	+	
2926	jediti		глаг.		-	слово есть — «сердить», но место в списке ему дала форма jedi — «ешь»
2932	čvrsto		нареч.	крепко	+	
2933	gadno		нареч.	мерзко, плохо	+	
2934	dokle		нареч.	докуда, до каких пор	+	
2959	rok		сущ.	срок	+	
2960	sklanjati		глаг.	убирать; уходить с дороги (sklanjati se)	+	
2963	prelep	prelijep	прил.	прекрасный	+	
2965	ekipa		сущ.	команда, компания	+	
2976	umesto	umjesto	нареч.	вместо	+	
2979	mašina		сущ.	машина, механизм	+	
2980	cool		прил.		-	англ.
2981	tvrditi		глаг.	утверждать	+	
2984	potpunost		сущ.		-	только в обороте u potpunosti
2996	uzrok		сущ.	причина	+	
2998	ulaz		сущ.	вход	+	
