topic	key	show	pos	ru
мебель	odrastao		прил.	взрослый
кухня	oceđivač	ocjeđivač	сущ.	сушилка для посуды
кухня	servis		сущ.	сервиз; сервис
кухня	vrećica		сущ.	пакетик
кухня	kuvanje		сущ.	готовка, варка
мебель	pregrada		сущ.	перегородка
мебель	stalak		сущ.	подставка, стойка
мебель	stoni		прил.	настольный
мебель	radni		прил.	рабочий (radni sto — письменный стол)
мебель	pisaći		прил.	письменный (pisaći sto)
мебель	kancelarijski		прил.	офисный
мебель	toaletni		прил.	туалетный (toaletni sto — туалетный столик)
дети	dečji	dječji	прил.	детский
дети	plišan		прил.	плюшевый
дети	noša		сущ.	детский горшок
свет	abažur		сущ.	абажур
свет	kabl		сущ.	кабель, провод
свет	dekorativan		прил.	декоративный
свет	visilica		сущ.	подвесной светильник
свет	plafonjera		сущ.	потолочный светильник
декор	ram		сущ.	рамка (ramovi za slike — рамки для картин)
декор	garnišna		сущ.	карниз (для штор)
декор	ukrasan		прил.	декоративный, украшающий
декор	srednji		прил.	средний
декор	ručno		нареч.	вручную (ručno rađen — ручной работы)
декор	ovčji		прил.	овечий
декор	kravlji		прил.	коровий
декор	klizanje		сущ.	скольжение (protiv klizanja — противоскользящий)
покупки	mesečni	mjesečni	прил.	ежемесячный
покупки	novitet		сущ.	новинка
техника	laptop		сущ.	ноутбук
фрукты	suv		прил.	сухой (suvo voće — сухофрукты)
фрукты	orašast		прил.	ореховый (orašasti plodovi — орехи)
фрукты	bilje		сущ.	травы, зелень; растения
фрукты	začinski		прил.	пряный (začinsko bilje — пряные травы)
продукты	svež	svjež	прил.	свежий
мясо	ćuretina		сущ.	индейка (мясо)
мясо	juneći		прил.	говяжий (из молодой говядины)
мясо	teleći		прил.	телячий
мясо	prsa		сущ.	грудка (pileća prsa — куриная грудка)
мясо	file		сущ.	филе
мясо	pečenica		сущ.	копчёная корейка
мясо	buđola		сущ.	буджола (вяленая свиная шейка)
мясо	viršla		сущ.	сосиска
мясо	čvarak		сущ.	шкварка
мясо	mast		сущ.	жир, смалец
мясо	pašteta		сущ.	паштет
мясо	narezak		сущ.	нарезка
мясо	konzerviran		прил.	консервированный
молочное	mlečni	mliječni	прил.	молочный
молочное	topljen		прил.	плавленый (topljeni sir)
молочное	sirni		прил.	сырный
молочное	kefir		сущ.	кефир
молочное	surutka		сущ.	сыворотка
молочное	krem		сущ.	крем; сливки (krem za kuvanje)
молочное	margarin		сущ.	маргарин
молочное	voćni		прил.	фруктовый
молочное	čokoladni		прил.	шоколадный
молочное	biljni		прил.	растительный
продукты	namaz		сущ.	паста для бутерброда, спред
продукты	desert		сущ.	десерт
продукты	mikrotalasna		сущ.	микроволновка
продукты	tost		сущ.	тост
продукты	testo	tijesto	сущ.	тесто
продукты	kvasac		сущ.	дрожжи
продукты	pšeničan		прил.	пшеничный
продукты	kukuruzni		прил.	кукурузный
продукты	suncokretov		прил.	подсолнечный
продукты	maslinov		прил.	оливковый
продукты	mleven	mljeven	прил.	молотый
продукты	sastojak		сущ.	ингредиент
продукты	osnovni		прил.	основной
продукты	smrznut		прил.	замороженный
продукты	ovsen		прил.	овсяный
продукты	brusnica		сущ.	клюква
продукты	kakao		сущ.	какао
продукты	semenka	sjemenka	сущ.	семечко, семя
продукты	kašica		сущ.	пюре (детское), кашка
напитки	prirodan		прил.	натуральный, природный
напитки	mineralan		прил.	минеральный
напитки	gaziran		прил.	газированный
напитки	negaziran		прил.	негазированный
напитки	leden		прил.	ледяной (ledeni čaj — холодный чай)
напитки	alkoholni		прил.	алкогольный
напитки	penušav	pjenušav	прил.	игристый
напитки	žestok		прил.	крепкий (žestoka pića — крепкие напитки)
напитки	viski		сущ.	виски
напитки	konjak		сущ.	коньяк
напитки	koktel		сущ.	коктейль
сладкое	čokoladica		сущ.	шоколадный батончик
сладкое	napolitanka		сущ.	вафля
сладкое	kroasan		сущ.	круассан
сладкое	žvaka		сущ.	жвачка
сладкое	bombonjera		сущ.	коробка конфет
сладкое	čips		сущ.	чипсы
сладкое	štapić		сущ.	палочка; соломка
сладкое	kikiriki		сущ.	арахис
сладкое	kokice		сущ.	попкорн
сладкое	kreker		сущ.	крекер
сладкое	pahuljica		сущ.	хлопья (pahuljice); снежинка
уход	nega	njega	сущ.	уход (njega kose — уход за волосами)
уход	tuširanje		сущ.	душ (процесс), принятие душа
уход	dezodorans		сущ.	дезодорант
уход	losion		сущ.	лосьон
уход	krema		сущ.	крем
уход	brijanje		сущ.	бритьё
уход	uložak		сущ.	прокладка; вкладыш
уход	vata		сущ.	вата
уход	vlažan		прил.	влажный (vlažne maramice — влажные салфетки)
хозяйство	prašak		сущ.	порошок (prašak za veš — стиральный порошок)
хозяйство	omekšivač		сущ.	кондиционер для белья
хозяйство	sredstvo		сущ.	средство
хозяйство	mrlja		сущ.	пятно
хозяйство	papirni		прил.	бумажный
хозяйство	ubrus		сущ.	бумажное полотенце
хозяйство	suđe		сущ.	посуда (грязная, для мытья)
хозяйство	džoger		сущ.	швабра
хозяйство	potrepština		сущ.	принадлежность (kućne potrepštine — товары для дома)
продукты	sezonski		прил.	сезонный (sezonsko voće — сезонные фрукты)
продукты	dimljen		прил.	копчёный (dimljena šunka — копчёная ветчина)
прочее	mrljav		прил.	пятнистый, в пятнах
