topic	key	show	pos	ru	en
ž	životan		прил.	жизненный; полный жизни	full of life; vital
ž	žalost		сущ.	печаль, скорбь; траур	sorrow
ž	žalba		сущ.	жалоба; апелляция	complaint
ž	žiri		сущ.	жюри	jury
ž	železnički	željeznički	прил.	железнодорожный	railway
ž	žanr		сущ.	жанр	genre
ž	žito		сущ.	зерно, хлеба; кутья	cereal, grain
ž	žitelj		сущ.	житель	inhabitant
ž	žrtvovati		глаг.	жертвовать	to sacrifice
ž	žlezda	žlijezda	сущ.	железа (в теле)	gland
ž	žestoko		нареч.	яростно, сильно, жёстко	fiercely
ž	željan		прил.	жаждущий, желающий	eager, craving
ž	ženka		сущ.	самка	female (animal)
ž	živa		сущ.	ртуть	mercury
ž	žetva		сущ.	жатва, урожай	harvest
ž	železara	željezara	сущ.	металлургический завод	steel plant
ž	žalosno		нареч.	печально, грустно	sadly
ž	živopisan		прил.	живописный	picturesque
ž	žaljenje		сущ.	сожаление	regret
ž	živo		нареч.	живо, оживлённо; ярко	lively
ž	žalostan		прил.	печальный, грустный; жалкий	sad
ž	žig		сущ.	печать, штамп; клеймо	stamp, brand
ž	žar		сущ.	жар, пыл; угли	fervor; ember
ž	žila		сущ.	вена, жилка; сухожилие	vein; tendon
ž	žedan		прил.	испытывающий жажду (biti žedan — хотеть пить)	thirsty
ž	živina		сущ.	домашняя птица	poultry
ž	žumance		сущ.	желток	yolk
ž	živahan		прил.	живой, бойкий	vivacious
ž	žudnja		сущ.	страстное желание, тоска по	longing, craving
ž	žarište		сущ.	очаг (пожара, болезни); фокус	hotbed; focus
ž	željno		нареч.	с нетерпением, жадно	eagerly
ž	žargon		сущ.	жаргон	jargon
ž	žuč		сущ.	желчь	bile
ž	ždrelo	ždrijelo	сущ.	глотка; ущелье; жерло	pharynx; gorge
ž	žestina		сущ.	ярость, неистовство, сила	ferocity
ž	žeti		глаг.	жать (урожай), пожинать	to reap
ž	žbunje		сущ.	кусты, кустарник	bushes
ž	žilav		прил.	жилистый; выносливый, живучий	sinewy; tough
ž	ženstven		прил.	женственный	feminine
ž	žućkast		прил.	желтоватый	yellowish
ž	žutica		сущ.	желтуха	jaundice
ž	žalfija		сущ.	шалфей	sage (plant)
ž	žustar		прил.	бойкий, энергичный, резвый	quick, energetic
ž	žardinjera		сущ.	кашпо, большой цветочный горшок	jardiniere
ž	žega		сущ.	зной, жара	sultriness
ž	žele		сущ.	желе	jelly
ž	žandar		сущ.	жандарм; валет (в картах)	gendarme; jack
ž	žleb	žlijeb	сущ.	жёлоб, водосток	gutter
ž	živica		сущ.	живая изгородь	hedge
ž	žitnica		сущ.	житница, амбар	granary
ž	železan	željezan	прил.	железный	iron
ž	žir		сущ.	жёлудь	acorn
ž	žudeti	žudjeti	глаг.	жаждать, страстно желать	to crave
ž	ždral		сущ.	журавль	crane (bird)
ž	žaoka		сущ.	жало; колкость	stinger
ž	žderati		глаг.	жрать, обжираться	to gorge
ž	ždrebe	ždrijebe	сущ.	жеребёнок	foal
ž	žabica		сущ.	лягушонок	small frog
ž	živčan		прил.	нервный	nervous
ž	žezlo		сущ.	скипетр	scepter
ž	žonglirati		глаг.	жонглировать	to juggle
ž	žongler		сущ.	жонглёр	juggler
ž	železo	željezo	сущ.	железо	iron
ž	žrvanj		сущ.	жёрнов	millstone
ž	ždrebac	ždrijebac	сущ.	жеребец	stallion
ž	živcirati	živcirati se	глаг.	нервничать, раздражаться; без se — действовать на нервы, бесить (разг.)	to get on nerves
ž	žuka		сущ.	дрок (кустарник с жёлтыми цветами)	Spanish broom
ž	žgaravica		сущ.	изжога	heartburn
ž	žbica		сущ.	спица (колеса)	spoke
ž	žgoljav		прил.	тщедушный, хилый	scrawny
ž	žuna		сущ.	дятел	woodpecker
ž	žutokljunac		сущ.	желторотый птенец, новичок	fledgling
ž	ždrebica	ždrijebica	сущ.	кобылка (молодая лошадь)	filly
ž	ženskar		сущ.	бабник	womanizer
ž	žabljak		сущ.	лютик	buttercup
ž	želatin		сущ.	желатин	gelatin
