n	lemma	ijekavian	freq_lemma	freq_ijek	gloss
441	selo	sijelo	111383	169	село (аналогично русскому слову)
641	svetski	svijetski	198648	229	мировой, всемирный
838	povreda	povrjeda	43977	10	травма, повреждение, ранение; нарушение
1194	med	mjed	20214	60	мёд
1348	pogreška	pogrješka	1271	23	ошибка
1389	poverljiv	povjerljiv	4484	10	доверчивый
1529	večno	vječno	3514	0	вечно (аналогично русскому слову)
1610	bedan	bijedan	5689	1	бедный, неимущий
1737	štedeti	štedjeti	11072	0	копить, собирать
1761	trezan	trijezan	786	1	трезвый
2376	prestonica	prijestonica	18255	322	столица
2448	neizbežan	neizbježan	6538	0	неизбежный, неминуемый
2991	dren	drijen	551	27	ботан. кизил (Cornus)
3046	mlečan	mliječan	10219	412	молочный
